ID,PW,PH(V)/PW,PH/PW,SA,SA/PH(V)*PW,SFD,G_g,f2,f3,f4,f5,f7,f8,f9,f10,LD1,LD2,LD3,LD5,WC,IDNumber,Type
1,1225,1.195102041,1.229247752,363044.417,0.2,1.547,15.40739414,0.178,0.111,0.076,0.059,0.051,0.045,0.038,0.028,0.068,0.364,0.229,0.102,0.786465844,1,
2,1071,1.342670401,1.372743645,261607,0.17,1.509,15.44132545,0.172,0.091,0.057,0.042,0.038,0.035,0.038,0.048,0.085,0.349,0.184,0.097,0.818944699,2,
4,1148,1.039198606,1.018655825,205201.083,0.15,1.485,15.03945061,0.172,0.093,0.064,0.055,0.04,0.036,0.035,0.037,0.083,0.369,0.2,0.1,0.754311127,3,
5,1059,1.124645892,1.416951323,351768.833,0.28,1.558,15.14210257,0.16,0.113,0.086,0.064,0.047,0.042,0.041,0.046,0.051,0.299,0.209,0.105,0.840076118,4,
6,739,1.271989175,1.455682463,162925.25,0.23,1.461,14.78217411,0.148,0.081,0.058,0.047,0.039,0.039,0.054,0.061,0.075,0.28,0.169,0.107,0.745497568,5,
7,842,1.173396675,1.352819333,222355.083,0.27,1.505,15.01047869,0.129,0.083,0.061,0.054,0.042,0.045,0.053,0.062,0.066,0.255,0.161,0.122,0.74407696,6,
8,778,1.026992288,1.265707348,188860.833,0.3,1.484,14.4352609,0.137,0.097,0.071,0.054,0.041,0.037,0.04,0.043,0.062,0.263,0.175,0.091,0.829440906,7,
9,912,1.088815789,1.163637573,224910.583,0.25,1.505,14.78919787,0.13,0.079,0.059,0.05,0.041,0.046,0.053,0.067,0.057,0.269,0.156,0.126,0.738732679,8,
11,912,1.400219298,1.502132227,318124.667,0.27,1.536,15.41282103,0.146,0.089,0.062,0.052,0.047,0.048,0.054,0.06,0.056,0.28,0.171,0.128,0.809871188,9,
12,951,1.158780231,1.237994168,265940.333,0.25,1.53,14.8432276,0.13,0.086,0.067,0.059,0.049,0.049,0.054,0.06,0.061,0.247,0.169,0.137,0.806626314,10,
13,897,0.923076923,0.994840615,150139.083,0.2,1.45,14.81793724,0.169,0.089,0.064,0.052,0.05,0.047,0.034,0.026,0.074,0.369,0.222,0.1,0.742713302,11,
15,1219,1.284659557,1.311055604,332904.5,0.17,1.54,15.41430882,0.179,0.119,0.088,0.074,0.057,0.05,0.037,0.023,0.057,0.319,0.231,0.124,0.763087425,12,
21,1071,0.830065359,0.919440072,300706.417,0.32,1.543,14.76389125,0.139,0.093,0.073,0.06,0.044,0.041,0.041,0.046,0.053,0.284,0.186,0.105,0.832048564,13,
22,959,1.120959333,1.224915465,271972.667,0.26,1.531,14.9328722,0.159,0.112,0.074,0.054,0.038,0.035,0.033,0.038,0.062,0.305,0.201,0.087,0.811139069,14,
24,818,1.26405868,1.302194683,208691.5,0.25,1.496,14.58739991,0.149,0.1,0.077,0.065,0.041,0.032,0.032,0.035,0.059,0.306,0.211,0.081,0.837384063,15,
25,796,1.047738693,1.104496758,158815.75,0.24,1.459,14.54957725,0.16,0.1,0.075,0.055,0.036,0.033,0.034,0.041,0.078,0.294,0.193,0.1,0.768796568,16,
27,1198,0.952420701,1.003671467,347421.25,0.25,1.559,15.12603514,0.151,0.109,0.086,0.065,0.036,0.035,0.037,0.045,0.056,0.29,0.197,0.095,0.804808994,17,
28,519,1.807321773,1.856670785,126739.917,0.26,1.424,14.37043297,0.122,0.083,0.067,0.055,0.051,0.053,0.069,0.063,0.063,0.25,0.167,0.141,0.79057917,18,
30,1226,0.906199021,0.959227726,416360.333,0.31,1.584,15.29426935,0.144,0.093,0.073,0.061,0.045,0.043,0.042,0.045,0.045,0.28,0.196,0.104,0.742414861,19,
31,1039,0.952839269,1.044258103,203700.417,0.2,1.489,14.94907723,0.132,0.084,0.071,0.065,0.06,0.072,0.077,0.057,0.054,0.282,0.201,0.159,0.731866893,20,
33,1168,1.054794521,1.066724347,374822.167,0.26,1.556,15.34917491,0.137,0.084,0.068,0.05,0.049,0.043,0.047,0.057,0.053,0.293,0.173,0.118,0.806393099,21,
37,1097,1.085688241,1.108104858,262459.083,0.2,1.519,15.19381553,0.136,0.086,0.058,0.049,0.049,0.048,0.053,0.064,0.059,0.305,0.159,0.132,0.717967352,22,
38,1185,0.957805907,1.061440834,315406.167,0.23,1.547,15.30844151,0.154,0.104,0.072,0.048,0.035,0.031,0.032,0.045,0.059,0.317,0.199,0.084,0.746435119,23,
39,1222,0.929623568,1.047655342,297407,0.21,1.54,15.31318617,0.147,0.092,0.066,0.051,0.047,0.046,0.051,0.059,0.056,0.3,0.19,0.13,0.73367822,24,
40,1121,0.948260482,1.366827583,225420.667,0.19,1.501,15.07937421,0.169,0.102,0.072,0.057,0.044,0.045,0.044,0.037,0.063,0.362,0.217,0.103,0.755715558,25,
42,932,1.180257511,1.329761514,263522.667,0.26,1.528,14.95997324,0.135,0.088,0.066,0.052,0.051,0.053,0.051,0.052,0.055,0.289,0.169,0.134,0.744157692,26,
43,943,1.107104984,1.184142564,265476.25,0.27,1.526,15.13750935,0.128,0.08,0.068,0.054,0.048,0.045,0.047,0.056,0.047,0.257,0.166,0.125,0.713377117,27,
44,985,1.132994924,1.173831751,235769.583,0.21,1.51,14.98995048,0.123,0.077,0.052,0.042,0.037,0.037,0.045,0.066,0.072,0.269,0.136,0.116,0.71898883,28,
45,650,1.503076923,1.768658413,138912.25,0.22,1.439,14.76020114,0.124,0.09,0.072,0.063,0.059,0.068,0.069,0.064,0.064,0.243,0.181,0.139,0.731765365,29,
46,992,1.009072581,1.052507128,205173.667,0.21,1.491,14.92271045,0.162,0.089,0.058,0.042,0.037,0.038,0.038,0.042,0.076,0.316,0.174,0.099,0.740996984,30,
47,1041,1.330451489,1.530163051,277727.75,0.19,1.514,15.4425764,0.152,0.091,0.067,0.054,0.039,0.039,0.053,0.06,0.067,0.308,0.174,0.132,0.784363424,31,
48,961,1.097814776,1.259431825,213707.167,0.21,1.499,14.7947882,0.16,0.095,0.067,0.057,0.046,0.041,0.044,0.05,0.068,0.302,0.183,0.117,0.731127679,32,
50,1076,1.101301115,1.191035399,398226.667,0.31,1.567,15.20965143,0.146,0.101,0.075,0.06,0.039,0.036,0.034,0.038,0.056,0.3,0.182,0.093,0.777633177,33,
51,913,1.203723987,1.303970499,272561.667,0.27,1.535,14.86144025,0.141,0.098,0.083,0.071,0.043,0.036,0.032,0.037,0.061,0.273,0.194,0.09,0.816226361,34,
52,879,1.153583618,1.232838348,211226.667,0.24,1.496,14.63506357,0.124,0.095,0.075,0.064,0.054,0.053,0.053,0.054,0.06,0.287,0.185,0.142,0.789379008,35,
53,1223,0.854456255,1.002571642,416617.667,0.33,1.586,15.20698635,0.134,0.098,0.076,0.061,0.05,0.046,0.043,0.043,0.048,0.283,0.187,0.108,0.827983744,36,
54,904,1.08960177,1.157882294,255902.833,0.29,1.526,14.68991613,0.122,0.079,0.067,0.061,0.048,0.045,0.045,0.054,0.055,0.24,0.166,0.119,0.809465879,37,
55,570,1.822807018,1.838675184,100456.5,0.17,1.395,14.44558898,0.174,0.12,0.072,0.05,0.042,0.045,0.046,0.043,0.092,0.317,0.226,0.112,0.75,38,
56,921,1.30184582,1.372859603,163264.333,0.15,1.452,14.56569885,0.172,0.111,0.072,0.064,0.057,0.048,0.033,0.023,0.078,0.331,0.241,0.1,0.8346202,39,
57,1057,1.272469253,1.52821871,279617,0.2,1.516,15.34931043,0.166,0.107,0.076,0.057,0.039,0.036,0.038,0.039,0.067,0.347,0.215,0.103,0.80458221,40,
58,993,1.087613293,1.145775043,256640.667,0.24,1.522,15.12227934,0.139,0.088,0.066,0.055,0.057,0.06,0.059,0.055,0.058,0.293,0.187,0.128,0.758583211,41,
59,1222,0.966448445,1.02822269,439277.917,0.3,1.583,15.19046535,0.16,0.097,0.062,0.051,0.042,0.039,0.038,0.046,0.048,0.322,0.175,0.101,0.793710361,42,
60,924,1.069264069,1.105692241,194094.083,0.21,1.483,14.71871257,0.131,0.082,0.069,0.06,0.052,0.052,0.049,0.051,0.052,0.287,0.183,0.109,0.752125638,43,
61,1071,1.059757236,1.109137762,396081.167,0.33,1.58,15.07749037,0.136,0.096,0.071,0.059,0.048,0.045,0.045,0.049,0.043,0.263,0.178,0.118,0.80007682,44,
62,1117,1.053715309,1.191017685,431283.417,0.33,1.577,15.20220317,0.151,0.091,0.068,0.055,0.041,0.038,0.038,0.042,0.049,0.265,0.185,0.09,0.791737636,45,
64,892,1.078475336,1.198602056,240472.917,0.28,1.515,14.68218315,0.132,0.098,0.08,0.068,0.061,0.054,0.047,0.052,0.054,0.255,0.186,0.133,0.811125123,46,
65,980,0.962244898,1.165012654,271769.25,0.29,1.53,14.70582552,0.143,0.101,0.072,0.056,0.041,0.039,0.039,0.05,0.058,0.281,0.183,0.108,0.825768241,47,
67,824,1.251213592,1.339142993,150763.5,0.18,1.449,14.64139678,0.162,0.098,0.066,0.056,0.041,0.04,0.045,0.043,0.076,0.329,0.204,0.106,0.749460043,48,
68,1106,0.972875226,1.089545153,362195.167,0.3,1.573,15.10027375,0.14,0.094,0.076,0.063,0.04,0.036,0.035,0.04,0.058,0.255,0.175,0.098,0.808113403,49,
69,909,1.220022002,1.334381195,252675.5,0.25,1.522,14.9950342,0.124,0.091,0.07,0.056,0.052,0.052,0.052,0.052,0.054,0.261,0.174,0.119,0.764926355,50,
70,847,1.736717828,1.692171345,184390.833,0.15,1.459,14.67659301,0.162,0.09,0.068,0.059,0.055,0.051,0.04,0.032,0.075,0.34,0.2,0.111,0.839588795,51,
71,987,1.105369807,1.176799716,296648.083,0.28,1.542,14.88720578,0.133,0.094,0.069,0.048,0.035,0.033,0.039,0.055,0.051,0.24,0.168,0.104,0.802133604,52,
72,1142,1.353765324,1.362487235,310517.25,0.18,1.529,15.53653059,0.172,0.108,0.082,0.07,0.059,0.052,0.039,0.023,0.058,0.346,0.218,0.113,0.756226329,53,
73,1184,1.206081081,1.510262159,285263.167,0.17,1.519,15.55591881,0.187,0.115,0.077,0.068,0.047,0.033,0.022,0.015,0.075,0.387,0.241,0.073,0.738862559,54,
74,1002,1.439121756,1.463324012,305798.583,0.21,1.529,15.33711789,0.161,0.115,0.078,0.061,0.04,0.04,0.04,0.041,0.059,0.321,0.203,0.093,0.802993697,55,
76,1058,1.265595463,1.324770189,359288.833,0.25,1.553,15.70984948,0.167,0.099,0.069,0.055,0.037,0.037,0.043,0.052,0.067,0.3,0.188,0.1,0.744854934,56,
77,909,1.535753575,1.608683032,255018.667,0.2,1.507,15.41748205,0.156,0.1,0.072,0.062,0.059,0.056,0.046,0.038,0.067,0.317,0.212,0.122,0.763608413,57,
78,1144,1.483391608,1.501948909,322647.667,0.17,1.533,15.54871805,0.185,0.1,0.057,0.046,0.05,0.048,0.037,0.022,0.076,0.368,0.208,0.107,0.746252622,58,
79,1224,1.08251634,1.183905444,323107.583,0.2,1.532,15.21023793,0.188,0.113,0.079,0.06,0.044,0.041,0.033,0.025,0.06,0.368,0.202,0.106,0.751922885,59,
80,1043,1.349952061,1.383033517,318239.25,0.22,1.535,15.55515599,0.142,0.089,0.063,0.05,0.046,0.049,0.059,0.065,0.057,0.282,0.17,0.132,0.753954523,60,
81,1077,1.308263695,1.433692731,330103.417,0.22,1.541,15.65134579,0.155,0.093,0.075,0.067,0.049,0.044,0.042,0.039,0.07,0.317,0.199,0.125,0.745372596,61,
83,1141,1.17791411,1.345181633,259465.917,0.17,1.506,15.24022255,0.171,0.122,0.096,0.078,0.047,0.034,0.026,0.021,0.064,0.346,0.251,0.092,0.759156252,62,
85,1137,1.011433597,1.238525212,156145.25,0.12,1.449,14.50656088,0.215,0.118,0.07,0.043,0.021,0.015,0.012,0.01,0.098,0.485,0.227,0.043,0.824165554,63,
86,1422,0.715189873,0.917005296,386656.25,0.27,1.573,15.36472836,0.164,0.121,0.098,0.081,0.051,0.035,0.027,0.026,0.049,0.314,0.251,0.097,0.829397904,64,
87,1083,1.167128347,1.200391271,297593.167,0.22,1.526,15.11547483,0.17,0.109,0.078,0.062,0.047,0.042,0.04,0.04,0.064,0.339,0.216,0.102,0.80790248,65,
88,1265,1.133596838,1.298839259,449129.417,0.25,1.578,15.44517178,0.175,0.117,0.085,0.066,0.043,0.037,0.034,0.032,0.053,0.372,0.225,0.091,0.830828176,66,
89,909,0.812981298,1.070238686,210320.25,0.31,1.495,14.61020125,0.141,0.087,0.064,0.051,0.039,0.037,0.033,0.038,0.08,0.295,0.178,0.082,0.777685701,67,
90,1218,1.140394089,1.203818276,399317.917,0.24,1.564,15.56927494,0.136,0.096,0.07,0.06,0.058,0.058,0.055,0.057,0.052,0.282,0.196,0.131,0.767177505,68,
92,1220,1.354098361,1.937170725,197754.917,0.1,1.468,15.34251583,0.189,0.126,0.096,0.064,0.024,0.015,0.014,0.012,0.082,0.438,0.261,0.052,0.724283084,69,
93,1221,1.040950041,1.151158594,343890.333,0.22,1.551,15.20690949,0.179,0.114,0.085,0.063,0.037,0.034,0.03,0.025,0.063,0.352,0.214,0.097,0.823257024,70,
94,1230,0.790243902,1.150243473,597440.917,0.5,1.635,15.48531045,0.143,0.125,0.094,0.081,0.061,0.054,0.048,0.05,0.033,0.226,0.21,0.143,0.836773899,71,
95,1230,1.095934959,1.184565716,549556.5,0.33,1.607,15.53358163,0.153,0.115,0.088,0.069,0.055,0.043,0.034,0.033,0.051,0.277,0.217,0.107,0.852870136,72,
96,1228,0.943811075,1.155339785,407062.5,0.29,1.581,15.34158878,0.163,0.108,0.082,0.073,0.053,0.045,0.039,0.036,0.056,0.29,0.221,0.119,0.830103129,73,
97,1184,0.709459459,1.063451562,358468.25,0.36,1.565,15.10854479,0.184,0.146,0.105,0.082,0.058,0.043,0.03,0.026,0.061,0.321,0.219,0.117,0.823884408,74,
99,1226,0.826264274,1.041009009,497793.5,0.4,1.609,15.3333046,0.121,0.096,0.083,0.076,0.066,0.061,0.059,0.058,0.04,0.252,0.205,0.109,0.809993447,75,
100,1231,1.13322502,1.214682702,359574.25,0.21,1.553,15.63097104,0.161,0.115,0.09,0.076,0.05,0.044,0.035,0.025,0.073,0.345,0.227,0.102,0.741358101,76,
101,1220,1.114754098,1.247261992,233386.083,0.14,1.49,14.83193599,0.176,0.106,0.08,0.068,0.045,0.031,0.021,0.012,0.063,0.421,0.23,0.074,0.823287779,77,
102,1232,0.959415584,1.056284909,464093.167,0.32,1.594,15.39072499,0.162,0.113,0.081,0.061,0.039,0.034,0.033,0.038,0.059,0.317,0.201,0.094,0.860650666,78,
103,1223,0.964022895,1.106127715,306176.583,0.21,1.533,15.11352105,0.175,0.113,0.078,0.058,0.041,0.037,0.035,0.031,0.064,0.35,0.216,0.102,0.852721783,79,
105,1134,1.186948854,1.226677928,363942.583,0.24,1.55,15.48882691,0.14,0.085,0.062,0.046,0.032,0.033,0.036,0.049,0.062,0.278,0.169,0.093,0.803439803,80,
106,1221,1.050778051,1.237596676,393883.083,0.25,1.571,15.24184527,0.154,0.107,0.08,0.064,0.044,0.04,0.039,0.037,0.053,0.295,0.201,0.103,0.810468017,81,
107,1227,0.74409128,0.99285212,432425.25,0.39,1.596,15.20211664,0.152,0.106,0.072,0.059,0.064,0.061,0.053,0.046,0.039,0.266,0.201,0.14,0.831585489,82,
108,1002,1.357285429,1.396175986,320330.417,0.24,1.536,15.58181211,0.146,0.088,0.068,0.056,0.048,0.047,0.051,0.06,0.065,0.295,0.177,0.129,0.774850577,83,
109,1155,1.345454545,1.477364676,337458.333,0.19,1.543,15.47237154,0.179,0.111,0.074,0.058,0.035,0.032,0.032,0.032,0.061,0.356,0.219,0.098,0.771607978,84,
110,1233,0.740470397,1.065057874,380784.25,0.34,1.576,15.21265474,0.152,0.101,0.077,0.064,0.053,0.048,0.039,0.037,0.054,0.295,0.212,0.108,0.856947135,85,
111,1190,0.973109244,1.040351655,290110.167,0.21,1.532,14.94071696,0.162,0.101,0.072,0.056,0.041,0.042,0.044,0.04,0.056,0.353,0.193,0.111,0.856393855,86,
112,745,1.451006711,1.475833614,192339.833,0.24,1.485,14.77863468,0.138,0.093,0.066,0.055,0.043,0.042,0.045,0.056,0.06,0.277,0.178,0.106,0.797757277,87,
114,1019,1.132482826,1.147612254,250204.917,0.21,1.517,14.9846015,0.16,0.106,0.07,0.048,0.036,0.034,0.034,0.035,0.066,0.314,0.198,0.079,0.806939254,88,
115,854,1.415690867,1.400236664,244068.333,0.24,1.509,14.84968079,0.158,0.1,0.068,0.049,0.031,0.028,0.027,0.03,0.076,0.298,0.196,0.069,0.837794036,89,
116,688,1.540697674,1.584681997,209389.167,0.29,1.496,14.74642691,0.133,0.091,0.064,0.056,0.044,0.051,0.06,0.063,0.055,0.27,0.169,0.138,0.776801962,90,
117,1193,0.962279966,1.03884135,294024.25,0.21,1.534,15.14749216,0.147,0.114,0.091,0.077,0.059,0.049,0.04,0.033,0.054,0.328,0.233,0.111,0.720722591,91,
119,660,1.471212121,1.765847126,133001,0.21,1.434,14.24782346,0.151,0.094,0.07,0.058,0.046,0.049,0.054,0.057,0.076,0.301,0.188,0.135,0.786843854,92,
120,989,1.073811931,1.143739445,152523.833,0.15,1.452,14.45350499,0.18,0.116,0.079,0.057,0.038,0.037,0.035,0.03,0.085,0.368,0.22,0.096,0.85216619,93,
121,1175,1.152340426,1.316362207,340271.5,0.21,1.542,15.58467141,0.182,0.114,0.085,0.07,0.043,0.036,0.029,0.022,0.062,0.373,0.246,0.085,0.733381818,94,
122,773,1.359637775,1.639123178,160915.917,0.2,1.456,14.8474567,0.127,0.092,0.068,0.057,0.053,0.053,0.058,0.063,0.053,0.289,0.17,0.134,0.719750779,95,
128,1063,1.52869238,1.615155494,312472.917,0.18,1.536,15.78054787,0.172,0.107,0.075,0.066,0.054,0.052,0.047,0.034,0.063,0.32,0.213,0.117,0.719319938,96,
129,915,0.730054645,0.844064766,183924.083,0.3,1.476,14.446194,0.15,0.093,0.067,0.051,0.042,0.037,0.038,0.042,0.068,0.277,0.172,0.097,0.723660445,97,
130,1228,1.018729642,1.093029402,340297.417,0.22,1.542,15.50971245,0.149,0.102,0.075,0.059,0.047,0.045,0.046,0.05,0.057,0.3,0.194,0.116,0.775541532,98,
131,1020,1.368627451,1.414219566,305239.083,0.21,1.528,15.6032685,0.163,0.102,0.075,0.057,0.045,0.049,0.048,0.046,0.066,0.306,0.191,0.125,0.814341434,99,
132,1101,1.363306085,1.392854661,385112.667,0.23,1.559,15.51031865,0.166,0.093,0.069,0.056,0.042,0.039,0.039,0.044,0.067,0.336,0.186,0.11,0.762101437,100,
134,1221,1.049140049,1.126307646,399851.833,0.26,1.564,15.36137459,0.161,0.099,0.07,0.052,0.037,0.035,0.035,0.04,0.064,0.315,0.197,0.092,0.811616428,101,
135,1217,0.99096138,1.074724169,369142.25,0.25,1.563,15.56726721,0.183,0.126,0.087,0.066,0.038,0.033,0.032,0.036,0.056,0.346,0.229,0.1,0.776196369,102,
136,1058,1.325141777,1.531762024,255155.083,0.17,1.503,15.47634517,0.173,0.113,0.083,0.07,0.049,0.035,0.021,0.013,0.072,0.372,0.235,0.088,0.753756394,103,
137,1065,1.454460094,1.54523022,336083.417,0.2,1.541,15.54456414,0.183,0.107,0.072,0.054,0.042,0.047,0.048,0.034,0.058,0.365,0.215,0.101,0.766757174,104,
138,983,1.109867752,1.231245152,169708.75,0.16,1.466,15.0350611,0.182,0.107,0.079,0.063,0.033,0.023,0.016,0.014,0.093,0.402,0.231,0.068,0.811371713,105,
139,1224,1.310457516,1.362824857,350043.333,0.18,1.551,15.23228506,0.164,0.114,0.086,0.07,0.051,0.05,0.044,0.037,0.058,0.314,0.224,0.131,0.841508758,106,
140,1228,0.946254072,1.016752899,420406.167,0.29,1.587,15.2904517,0.14,0.089,0.071,0.057,0.042,0.04,0.044,0.045,0.053,0.284,0.181,0.099,0.797464016,107,
141,1227,1.225753871,1.38207181,563782.5,0.31,1.61,15.59187698,0.16,0.113,0.079,0.063,0.045,0.039,0.036,0.043,0.056,0.299,0.202,0.096,0.843722489,108,
142,1201,0.786011657,1.205479603,498105.75,0.44,1.612,15.25984886,0.139,0.094,0.072,0.057,0.047,0.046,0.052,0.059,0.035,0.252,0.181,0.122,0.823678036,109,
143,982,1.488798371,1.522682695,315986.5,0.22,1.536,15.08514666,0.175,0.111,0.078,0.055,0.035,0.028,0.025,0.032,0.07,0.356,0.205,0.078,0.828957658,110,
144,1226,0.871125612,1.148615959,234322.667,0.18,1.507,14.8191914,0.213,0.123,0.081,0.052,0.029,0.024,0.018,0.015,0.064,0.431,0.248,0.065,0.847258573,111,
145,773,1.309184994,1.314854574,191535.167,0.24,1.485,14.5188721,0.173,0.116,0.082,0.059,0.034,0.03,0.033,0.037,0.064,0.303,0.208,0.08,0.839722406,112,
146,842,1.263657957,1.531436647,209250.25,0.23,1.496,14.88126001,0.137,0.089,0.072,0.058,0.04,0.047,0.052,0.052,0.065,0.295,0.185,0.121,0.744231851,113,
147,960,1.151041667,1.183786829,295430.083,0.28,1.543,14.97406794,0.153,0.096,0.071,0.055,0.041,0.039,0.039,0.045,0.055,0.276,0.187,0.094,0.789452167,114,
148,1224,0.964052288,1.01037517,352241.667,0.24,1.551,15.14853887,0.15,0.092,0.068,0.054,0.046,0.047,0.051,0.056,0.053,0.284,0.185,0.119,0.762554612,115,
149,945,1.354497354,1.351953763,148362,0.12,1.439,14.54148942,0.16,0.091,0.075,0.072,0.046,0.033,0.026,0.019,0.091,0.379,0.197,0.098,0.82988591,116,
150,809,1.400494438,1.520522747,204907.75,0.22,1.493,14.83670869,0.144,0.104,0.079,0.066,0.049,0.041,0.045,0.043,0.063,0.314,0.213,0.103,0.806848472,117,
152,905,1.190055249,1.302377586,227663.167,0.23,1.505,14.9106118,0.151,0.078,0.048,0.037,0.034,0.043,0.058,0.072,0.056,0.267,0.158,0.128,0.752941176,118,
153,988,1.434210526,1.532129619,125618.25,0.09,1.414,14.35044809,0.166,0.103,0.08,0.067,0.04,0.027,0.017,0.011,0.08,0.426,0.235,0.066,0.818063888,119,
159,935,1.238502674,1.329727823,197693.333,0.18,1.481,14.89451662,0.144,0.072,0.048,0.037,0.032,0.034,0.037,0.044,0.065,0.337,0.145,0.094,0.719597712,120,
160,803,1.257783313,1.290375472,175429.917,0.22,1.473,14.50214151,0.15,0.095,0.078,0.062,0.047,0.052,0.06,0.062,0.064,0.287,0.199,0.13,0.852852853,121,
161,787,1.147395172,1.227764498,215932.833,0.3,1.502,14.69203419,0.138,0.092,0.069,0.056,0.045,0.045,0.043,0.045,0.051,0.267,0.189,0.106,0.785546613,122,
162,1199,1.196830692,1.179982879,355843.5,0.21,1.547,15.29127756,0.172,0.117,0.082,0.065,0.05,0.045,0.042,0.036,0.061,0.349,0.211,0.115,0.79182442,123,
163,945,1.332275132,1.367310243,277142.083,0.23,1.519,15.13609298,0.14,0.094,0.071,0.059,0.045,0.043,0.045,0.05,0.061,0.281,0.182,0.109,0.736772258,124,
164,906,1.362030905,1.437817074,217102.083,0.19,1.481,15.15127434,0.139,0.077,0.053,0.046,0.035,0.035,0.038,0.044,0.069,0.292,0.162,0.097,0.71408355,125,
165,867,1.192618224,1.21946907,183481.75,0.2,1.476,14.91023407,0.15,0.082,0.056,0.052,0.063,0.063,0.05,0.035,0.055,0.321,0.188,0.142,0.711922812,126,
167,1156,0.941176471,1.056114251,334600.75,0.27,1.56,14.98603981,0.143,0.091,0.06,0.047,0.042,0.039,0.044,0.056,0.063,0.275,0.162,0.105,0.794859921,127,
168,860,1.194186047,1.261609499,193050.667,0.22,1.484,14.66087494,0.137,0.095,0.076,0.067,0.052,0.051,0.047,0.047,0.059,0.292,0.186,0.126,0.756953073,128,
169,688,1.235465116,1.264454347,108372.417,0.19,1.403,14.38864052,0.152,0.096,0.076,0.07,0.051,0.05,0.055,0.051,0.067,0.288,0.212,0.143,0.754936121,129,
170,702,1.4002849,1.472269204,143305.417,0.21,1.442,14.63844828,0.144,0.084,0.061,0.055,0.043,0.045,0.053,0.047,0.071,0.289,0.172,0.129,0.729547808,130,
171,1225,1.081632653,1.232478596,268688.167,0.17,1.507,15.26454581,0.17,0.11,0.082,0.069,0.056,0.041,0.022,0.012,0.063,0.4,0.23,0.085,0.798038775,131,
172,951,1.249211356,1.285160184,177068.583,0.16,1.467,14.74409034,0.177,0.11,0.073,0.048,0.033,0.035,0.039,0.034,0.088,0.367,0.222,0.084,0.833407015,132,
173,1226,1.017128874,1.260527188,324840.5,0.21,1.537,15.22253618,0.161,0.11,0.092,0.074,0.052,0.044,0.038,0.027,0.054,0.346,0.253,0.103,0.768702979,133,
174,1088,1.023897059,1.108783273,305597.583,0.25,1.544,15.09457857,0.138,0.083,0.06,0.05,0.044,0.045,0.045,0.049,0.057,0.298,0.161,0.115,0.758837662,134,
175,927,1.190938511,1.220235503,314680.083,0.31,1.552,14.93871467,0.134,0.089,0.066,0.061,0.041,0.036,0.04,0.051,0.053,0.275,0.174,0.107,0.797709521,135,
176,884,1.021493213,1.151246433,269187.417,0.34,1.529,14.6653162,0.129,0.09,0.072,0.059,0.04,0.04,0.043,0.048,0.049,0.259,0.176,0.099,0.818642412,136,
177,789,1.615969582,1.604211603,146623.417,0.15,1.432,14.70494757,0.168,0.112,0.088,0.081,0.047,0.03,0.019,0.012,0.085,0.383,0.221,0.097,0.825132658,137,
178,1035,1.062801932,1.212723541,287506.917,0.25,1.535,15.03590592,0.153,0.099,0.066,0.049,0.038,0.034,0.031,0.041,0.061,0.327,0.178,0.091,0.76451334,138,
179,924,1.392857143,1.532596032,343785.917,0.29,1.547,15.31548144,0.128,0.092,0.072,0.062,0.048,0.043,0.044,0.047,0.053,0.271,0.173,0.109,0.809370529,139,
180,919,1.705114255,1.728990155,272760.75,0.19,1.516,15.61696616,0.17,0.111,0.085,0.063,0.044,0.039,0.038,0.034,0.069,0.335,0.222,0.105,0.716189378,140,
181,995,1.304522613,1.412627783,206503.167,0.16,1.48,15.20655906,0.18,0.12,0.086,0.064,0.044,0.034,0.025,0.021,0.082,0.375,0.242,0.075,0.78200064,141,
182,1022,1.340508806,1.583136692,210129.917,0.15,1.477,15.33058664,0.177,0.115,0.082,0.064,0.039,0.031,0.023,0.017,0.071,0.374,0.254,0.076,0.735489815,142,
183,957,1.925809822,2.134553615,291405.75,0.17,1.521,15.78534109,0.159,0.096,0.072,0.065,0.057,0.043,0.029,0.021,0.084,0.37,0.19,0.09,0.69581749,143,
184,1000,1.237,1.300023747,214747.583,0.17,1.49,15.17666406,0.152,0.087,0.066,0.057,0.056,0.057,0.051,0.039,0.069,0.308,0.201,0.133,0.775331412,144,
185,1171,1.177625961,1.336631299,166533.667,0.1,1.445,14.79312274,0.19,0.097,0.065,0.046,0.03,0.025,0.022,0.018,0.086,0.419,0.227,0.075,0.834306297,145,
186,794,1.329974811,1.617371048,116401.75,0.14,1.416,14.3512198,0.209,0.111,0.073,0.049,0.024,0.019,0.012,0.007,0.068,0.517,0.223,0.052,0.841060866,146,
188,1222,0.966448445,1.026063506,365449.917,0.25,1.562,15.15740526,0.141,0.103,0.082,0.064,0.045,0.042,0.039,0.039,0.057,0.297,0.197,0.108,0.832050871,147,
190,1191,1.211586902,1.273201164,358031.667,0.21,1.551,15.56705682,0.162,0.101,0.073,0.059,0.053,0.052,0.05,0.042,0.063,0.329,0.197,0.119,0.77581279,148,
191,1225,1.259591837,1.321865274,557129.75,0.29,1.608,15.60909496,0.167,0.113,0.084,0.067,0.046,0.038,0.036,0.043,0.048,0.313,0.203,0.106,0.786763519,149,
194,1153,1.171725932,1.240789772,330727.25,0.21,1.541,15.54912087,0.163,0.109,0.077,0.062,0.044,0.043,0.041,0.04,0.074,0.326,0.216,0.109,0.773936699,150,
195,1223,0.699100572,1.014437442,386235.833,0.37,1.579,15.13930793,0.132,0.098,0.08,0.07,0.058,0.053,0.051,0.054,0.047,0.257,0.187,0.131,0.825271928,151,
196,1228,1.034201954,1.123110276,326089.833,0.21,1.541,15.15930802,0.177,0.106,0.083,0.067,0.051,0.039,0.029,0.021,0.06,0.373,0.227,0.098,0.847458453,152,
197,1030,1.163106796,1.6387248,164988.25,0.13,1.444,15.17297643,0.16,0.111,0.093,0.073,0.05,0.041,0.029,0.022,0.08,0.342,0.239,0.089,0.752378121,153,
198,953,1.335781742,1.502570691,227657.417,0.19,1.49,15.27567322,0.165,0.093,0.059,0.04,0.034,0.044,0.056,0.065,0.075,0.313,0.178,0.123,0.779473726,154,
199,1225,0.930612245,1.100014,518345.583,0.37,1.617,15.3528591,0.146,0.103,0.079,0.062,0.05,0.051,0.053,0.056,0.039,0.257,0.205,0.13,0.83945534,155,
200,1008,1.306547619,1.458540122,311741.333,0.23,1.531,15.46806016,0.141,0.083,0.063,0.053,0.042,0.042,0.051,0.059,0.065,0.292,0.179,0.124,0.744840764,156,
201,1188,1.106060606,1.202013539,286993.583,0.18,1.521,15.42098243,0.157,0.106,0.081,0.066,0.049,0.048,0.051,0.042,0.066,0.291,0.192,0.136,0.766078281,157,
202,1011,1.359050445,1.443772852,228891.25,0.16,1.493,15.37481305,0.163,0.094,0.068,0.05,0.039,0.043,0.046,0.042,0.083,0.364,0.189,0.104,0.784016365,158,
C126,1247,1.039294306,1.177938398,414373.917,0.26,1.569,15.30070471,0.16,0.102,0.071,0.055,0.038,0.035,0.034,0.042,0.061,0.303,0.182,0.101,0.839271513,159,
W001,1166,0.977701544,1.087788574,311273.833,0.23,1.542,15.34497514,0.173,0.112,0.086,0.071,0.052,0.04,0.028,0.022,0.054,0.344,0.213,0.104,0.782831564,160,
W002,964,1.332987552,1.378679972,218428.333,0.18,1.478,14.82657187,0.151,0.101,0.075,0.062,0.036,0.03,0.035,0.045,0.066,0.327,0.179,0.108,0.828042155,161,
W003,905,1.18121547,1.449610053,129048.583,0.13,1.426,14.42099615,0.214,0.129,0.078,0.054,0.023,0.011,0.006,0.008,0.085,0.512,0.245,0.034,0.823095333,162,
W004,723,1.629322268,1.927650474,164641.167,0.19,1.459,14.5873272,0.193,0.138,0.089,0.065,0.038,0.029,0.023,0.018,0.079,0.401,0.242,0.073,0.809159159,163,
W005,995,1.411055276,1.464337519,236442,0.17,1.495,15.02609858,0.156,0.105,0.082,0.074,0.054,0.045,0.04,0.033,0.064,0.339,0.209,0.112,0.814824655,164,
W006,1226,1.267536705,1.619934403,260719.667,0.14,1.504,15.05206986,0.19,0.107,0.065,0.047,0.039,0.038,0.036,0.025,0.072,0.398,0.217,0.095,0.808624201,165,
W008,928,1.418103448,1.537362956,224695.583,0.18,1.49,14.85764411,0.147,0.086,0.064,0.052,0.053,0.058,0.052,0.04,0.067,0.339,0.197,0.121,0.827024759,166,
W010,1222,1.073649755,1.439547176,328789.667,0.21,1.537,15.17985996,0.202,0.129,0.09,0.067,0.043,0.032,0.025,0.02,0.066,0.395,0.248,0.079,0.831060493,167,
W011,1181,0.950042337,1.15775281,254815.167,0.19,1.523,14.96707584,0.198,0.13,0.09,0.068,0.042,0.028,0.018,0.012,0.079,0.383,0.24,0.081,0.841177342,168,
W013,836,1.662679426,1.752310285,191967.167,0.17,1.469,14.76872048,0.166,0.104,0.077,0.065,0.05,0.045,0.034,0.024,0.084,0.345,0.214,0.098,0.838081192,169,
W014,1182,1.11928934,1.173515217,386513.333,0.25,1.56,15.54539575,0.134,0.083,0.061,0.052,0.046,0.045,0.054,0.062,0.064,0.268,0.174,0.13,0.788011764,170,
W015,1164,1.277491409,1.319734969,340276.25,0.2,1.541,15.50377729,0.141,0.092,0.073,0.063,0.055,0.054,0.052,0.049,0.061,0.307,0.193,0.128,0.788841658,171,
W019,1074,1.058659218,1.184654806,205024.667,0.17,1.492,14.94316949,0.183,0.11,0.078,0.06,0.032,0.028,0.025,0.025,0.083,0.353,0.232,0.084,0.824175824,172,
W022,1225,1.071836735,1.139861074,248337.5,0.15,1.502,14.9069776,0.19,0.102,0.069,0.059,0.052,0.042,0.028,0.016,0.059,0.403,0.223,0.093,0.821895297,173,
W023,1223,0.973834832,1.024145824,357784,0.25,1.562,15.23915889,0.152,0.107,0.086,0.07,0.045,0.038,0.032,0.032,0.067,0.328,0.213,0.092,0.799824847,174,
W024,1014,1.079881657,1.37314796,122165.583,0.11,1.424,14.44596409,0.189,0.118,0.081,0.048,0.023,0.018,0.012,0.008,0.103,0.5,0.227,0.043,0.838190184,175,
W025,1112,1.361510791,1.441954879,403019.167,0.24,1.571,15.69404141,0.161,0.113,0.089,0.07,0.044,0.039,0.041,0.045,0.058,0.303,0.223,0.106,0.796236388,176,
W026,1170,1.233333333,1.329880703,240179.167,0.14,1.496,15.31621622,0.185,0.108,0.091,0.083,0.049,0.032,0.023,0.012,0.07,0.367,0.262,0.083,0.749255952,177,
W027,1223,1.184791496,1.243123769,288690.333,0.16,1.518,15.43653057,0.149,0.1,0.079,0.071,0.056,0.046,0.036,0.024,0.063,0.368,0.212,0.107,0.788245901,178,
W028,1229,0.979658259,1.039541339,300039.583,0.2,1.533,15.1690679,0.16,0.099,0.065,0.045,0.036,0.035,0.036,0.036,0.07,0.338,0.2,0.087,0.821378505,179,
W030,1078,1.159554731,1.309982328,319956.583,0.24,1.544,15.43960944,0.153,0.099,0.074,0.058,0.048,0.051,0.052,0.05,0.071,0.276,0.193,0.145,0.766737981,180,
W032,750,1.981333333,2.331430079,217118.75,0.19,1.485,15.50815523,0.14,0.089,0.071,0.066,0.051,0.052,0.045,0.035,0.084,0.31,0.198,0.117,0.759488708,181,
W034,1214,1.150741351,1.200177785,423417.833,0.25,1.571,15.66373986,0.144,0.093,0.071,0.053,0.043,0.045,0.046,0.044,0.051,0.273,0.177,0.111,0.738050484,182,
W037,1156,1.029411765,1.19648547,477033.25,0.35,1.595,15.39307829,0.134,0.099,0.083,0.068,0.049,0.044,0.037,0.036,0.048,0.239,0.187,0.11,0.822564134,183,
W038,1228,1.000814332,1.041462188,427588.167,0.28,1.581,15.26342109,0.151,0.094,0.071,0.057,0.039,0.034,0.035,0.041,0.057,0.288,0.174,0.098,0.821273758,184,
W039,827,1.376058041,1.575165984,204935.333,0.22,1.493,15.13938169,0.136,0.089,0.064,0.054,0.061,0.066,0.071,0.062,0.065,0.285,0.182,0.163,0.737686038,185,
W040,808,1.138613861,1.200753024,225853.5,0.3,1.506,14.77667659,0.118,0.074,0.059,0.05,0.046,0.047,0.052,0.064,0.054,0.221,0.16,0.111,0.795643092,186,
W043,864,1.037037037,1.222176415,271408.75,0.35,1.531,14.72340121,0.136,0.097,0.072,0.059,0.046,0.038,0.035,0.044,0.048,0.283,0.184,0.1,0.805645009,187,
W044,979,1.02247191,1.101519778,328698.917,0.34,1.556,14.92432163,0.132,0.091,0.068,0.058,0.054,0.057,0.054,0.051,0.046,0.245,0.166,0.109,0.811688839,188,
W048,1214,1.166392092,1.368617232,211310.917,0.12,1.475,15.02416524,0.183,0.1,0.068,0.055,0.043,0.036,0.025,0.017,0.073,0.428,0.224,0.077,0.759224789,189,
W054,999,1.443443443,1.508656414,308203.667,0.21,1.531,15.49465382,0.162,0.111,0.083,0.069,0.049,0.043,0.037,0.035,0.069,0.315,0.213,0.108,0.776378695,190,
W055,891,0.910213244,1.285825123,167497.083,0.23,1.457,14.34405237,0.258,0.143,0.078,0.047,0.018,0.009,0.004,0.002,0.058,0.408,0.256,0.085,0.841894504,191,
W056,909,1.00880088,1.128291985,232427.25,0.28,1.51,14.82370957,0.15,0.089,0.066,0.054,0.038,0.033,0.034,0.043,0.069,0.286,0.174,0.091,0.784990008,192,
W057,1334,1.174662669,1.247481141,429143.583,0.21,1.571,15.51616084,0.169,0.127,0.091,0.067,0.048,0.041,0.034,0.03,0.06,0.349,0.236,0.099,0.778884853,193,
W058,923,1.385698808,1.55998422,141271.917,0.12,1.437,14.98537423,0.174,0.118,0.098,0.078,0.042,0.025,0.017,0.014,0.094,0.403,0.24,0.064,0.697044335,194,
W059,878,1.530751708,1.564809083,302959.75,0.26,1.53,15.23232519,0.148,0.098,0.074,0.055,0.038,0.039,0.039,0.044,0.071,0.294,0.181,0.099,0.788444345,195,
W060,1018,1.306483301,1.385895568,186767.833,0.14,1.459,14.63999425,0.151,0.083,0.058,0.051,0.045,0.049,0.042,0.031,0.088,0.359,0.195,0.109,0.826090054,196,
W061,1092,1.173992674,1.203787198,261686.5,0.19,1.507,15.23733916,0.157,0.11,0.073,0.051,0.032,0.033,0.036,0.045,0.074,0.336,0.191,0.091,0.832753923,197,
W063,899,1.36596218,1.416728056,253648.583,0.23,1.505,15.18645517,0.17,0.104,0.074,0.056,0.04,0.032,0.036,0.043,0.063,0.326,0.197,0.101,0.75920484,198,
W065,1068,1.288389513,1.365482296,328838.083,0.22,1.536,15.34729142,0.148,0.098,0.071,0.061,0.047,0.046,0.05,0.056,0.056,0.299,0.176,0.132,0.771373023,199,
W066,913,1.30558598,1.368994327,274693.917,0.25,1.518,14.8848985,0.15,0.085,0.059,0.047,0.036,0.036,0.035,0.047,0.068,0.294,0.174,0.089,0.826178815,200,
W068,1223,1.152085037,1.225864424,376542.25,0.22,1.555,15.50429809,0.167,0.106,0.072,0.055,0.039,0.037,0.037,0.04,0.064,0.329,0.196,0.096,0.804220677,201,
W070,985,1.372588832,1.414915018,227776.083,0.17,1.488,15.3699723,0.16,0.106,0.08,0.056,0.039,0.044,0.047,0.037,0.076,0.335,0.225,0.104,0.79161311,202,
W072,857,1.32672112,1.404571386,215492.75,0.22,1.501,14.67709748,0.143,0.097,0.069,0.056,0.044,0.041,0.043,0.042,0.063,0.286,0.191,0.092,0.803744623,203,
W073,850,1.127058824,1.206608723,209042.917,0.26,1.498,15.008921,0.12,0.092,0.071,0.054,0.041,0.037,0.035,0.042,0.065,0.244,0.171,0.091,0.749919829,204,
W074,1231,0.900893582,1.098939233,609413.75,0.45,1.637,15.52792453,0.134,0.105,0.09,0.077,0.061,0.054,0.05,0.048,0.044,0.283,0.209,0.112,0.810579449,205,
W075,1225,1.111836735,1.154938345,359086.333,0.22,1.551,15.4407888,0.177,0.105,0.075,0.061,0.051,0.048,0.04,0.032,0.061,0.347,0.226,0.11,0.789129152,206,
W076,1113,1.282120395,1.316200717,331164.833,0.21,1.538,15.4552956,0.141,0.09,0.069,0.052,0.039,0.038,0.048,0.059,0.065,0.304,0.179,0.109,0.752936349,207,
W077,1156,1.128027682,1.139423999,317611.25,0.21,1.534,15.55701558,0.12,0.072,0.058,0.054,0.048,0.047,0.044,0.05,0.071,0.26,0.157,0.111,0.763188918,208,
W078,773,1.203104787,1.319974605,193967.5,0.27,1.484,14.55945105,0.134,0.095,0.075,0.057,0.039,0.037,0.042,0.045,0.055,0.271,0.195,0.088,0.812572669,209,
W079,992,1.228830645,1.286569602,200007.75,0.17,1.472,15.10246994,0.15,0.098,0.072,0.056,0.047,0.042,0.04,0.039,0.084,0.306,0.175,0.117,0.748877883,210,
W080,797,1.65370138,1.672528578,233367.917,0.22,1.497,15.42713069,0.149,0.099,0.069,0.058,0.051,0.047,0.042,0.043,0.067,0.308,0.185,0.113,0.716345104,211,
W083,858,1.454545455,1.502878388,284742.667,0.27,1.519,14.94279847,0.129,0.084,0.066,0.055,0.044,0.038,0.038,0.047,0.054,0.266,0.174,0.108,0.79345973,212,
W084,961,1.225806452,1.299243038,313161.083,0.28,1.546,15.16861837,0.144,0.1,0.076,0.06,0.038,0.035,0.034,0.038,0.06,0.308,0.185,0.085,0.776746345,213,
W085,741,1.488529015,1.50872564,144830,0.18,1.445,14.75750874,0.147,0.081,0.067,0.056,0.052,0.061,0.056,0.041,0.07,0.296,0.204,0.118,0.754672018,214,
W086,932,1.055793991,1.125927163,160933.333,0.18,1.458,14.68840915,0.148,0.092,0.058,0.048,0.044,0.047,0.049,0.059,0.065,0.313,0.167,0.12,0.774750028,215,
W087,802,1.250623441,1.375877588,175205.167,0.22,1.47,14.46526513,0.144,0.094,0.073,0.064,0.048,0.042,0.039,0.039,0.077,0.318,0.175,0.091,0.818871046,216,
W089,963,1.349948079,1.486967672,257385.5,0.21,1.513,15.44075687,0.133,0.091,0.067,0.055,0.057,0.056,0.059,0.057,0.081,0.287,0.179,0.132,0.713789027,217,
W090,879,1.483503982,1.563028868,210353.75,0.18,1.481,15.30217587,0.141,0.088,0.064,0.057,0.053,0.051,0.052,0.046,0.086,0.292,0.183,0.125,0.795143285,218,
W091,1224,1.065359477,1.368213996,366482.75,0.23,1.554,15.49484674,0.192,0.123,0.085,0.067,0.038,0.032,0.03,0.023,0.064,0.357,0.218,0.106,0.794909268,219,
W092,1234,1.159643436,1.193555078,495241.667,0.28,1.593,15.82267723,0.165,0.113,0.086,0.07,0.052,0.052,0.053,0.05,0.045,0.293,0.204,0.126,0.749536328,220,
W093,849,1.4393404,1.756556682,204918.75,0.2,1.485,15.29962947,0.158,0.108,0.079,0.069,0.056,0.048,0.037,0.029,0.084,0.329,0.215,0.114,0.743412484,221,
W094,1019,1.57016683,1.613690798,295294.25,0.18,1.523,15.39883426,0.142,0.079,0.054,0.041,0.037,0.039,0.047,0.066,0.074,0.326,0.151,0.119,0.779679662,222,
W095,1073,1.373718546,1.405840651,355921.333,0.23,1.55,15.49736668,0.161,0.101,0.077,0.06,0.042,0.041,0.046,0.049,0.065,0.316,0.195,0.111,0.756192959,223,
W096,1195,1.353138075,1.395897594,314495.75,0.16,1.534,15.43567393,0.138,0.085,0.063,0.05,0.045,0.048,0.056,0.067,0.075,0.295,0.168,0.132,0.77062412,224,
W097,1215,1.105349794,1.235021771,365394.583,0.22,1.553,15.53007301,0.147,0.099,0.067,0.054,0.042,0.039,0.039,0.043,0.055,0.321,0.182,0.098,0.750589042,225,
W098,1228,0.999185668,1.12203596,545623.167,0.36,1.615,15.56339851,0.13,0.102,0.084,0.071,0.057,0.053,0.048,0.046,0.051,0.24,0.178,0.119,0.787384899,226,
W099,1205,0.63153527,1.228848575,336857.667,0.37,1.557,15.12735071,0.194,0.136,0.101,0.074,0.048,0.039,0.031,0.025,0.046,0.309,0.229,0.115,0.836502153,227,
W100,1248,1.049679487,1.210821748,692450.167,0.42,1.64,15.76363475,0.124,0.103,0.089,0.077,0.061,0.055,0.05,0.051,0.045,0.258,0.195,0.114,0.821968906,228,
W101,1200,1.391666667,1.424162269,382799.917,0.19,1.557,15.65448649,0.138,0.084,0.063,0.054,0.049,0.048,0.05,0.053,0.071,0.311,0.186,0.128,0.72998325,229,
W103,1159,1.070750647,1.085252276,346355,0.24,1.548,15.50085399,0.145,0.098,0.072,0.055,0.04,0.04,0.04,0.041,0.065,0.296,0.195,0.1,0.784657089,230,
W104,1217,1.130649137,1.138681779,306252.333,0.18,1.529,15.09769619,0.171,0.113,0.076,0.055,0.048,0.051,0.052,0.04,0.065,0.349,0.195,0.133,0.783408385,231,
W105,1227,0.802770986,1.18531158,488704.75,0.4,1.607,15.42518526,0.164,0.125,0.093,0.074,0.06,0.056,0.049,0.04,0.038,0.282,0.206,0.129,0.838401567,232,
W106,1229,1.031733116,1.239201702,385410.083,0.25,1.564,15.44295853,0.161,0.114,0.089,0.071,0.045,0.037,0.036,0.04,0.051,0.292,0.223,0.109,0.818809699,233,
W107,1151,1.057341442,1.14895846,383284.5,0.27,1.567,15.20797027,0.145,0.098,0.072,0.06,0.044,0.04,0.039,0.043,0.067,0.276,0.185,0.096,0.836326542,234,
W108,1091,1.398716774,1.516869856,291479.5,0.18,1.527,15.60163605,0.159,0.093,0.074,0.061,0.042,0.041,0.042,0.041,0.09,0.323,0.209,0.108,0.799199422,235,
W110,1135,1.082819383,1.16980461,210399.917,0.15,1.487,14.7807429,0.157,0.1,0.073,0.062,0.058,0.058,0.048,0.033,0.066,0.334,0.208,0.13,0.814026581,236,
W112,1230,1.207317073,1.248919922,315923.583,0.17,1.533,15.21951666,0.186,0.123,0.084,0.062,0.036,0.034,0.034,0.032,0.071,0.353,0.235,0.102,0.821897132,237,
W114,1205,0.96846473,1.237607156,465086.083,0.33,1.598,15.39911939,0.147,0.119,0.097,0.084,0.061,0.047,0.038,0.038,0.054,0.31,0.215,0.105,0.827405381,238,
W116,838,1.585918854,2.018907312,245644.333,0.22,1.501,14.99301055,0.15,0.091,0.074,0.06,0.058,0.054,0.051,0.044,0.057,0.309,0.199,0.136,0.828267886,239,
W118,992,0.931451613,0.980692506,146278.167,0.16,1.445,14.31840002,0.169,0.106,0.068,0.044,0.033,0.033,0.04,0.051,0.067,0.353,0.2,0.119,0.800411523,240,
W119,1209,1.182795699,1.341541342,214768.417,0.12,1.478,14.73332516,0.187,0.135,0.1,0.077,0.037,0.026,0.014,0.008,0.068,0.429,0.251,0.062,0.868694183,241,
W120,925,1.536216216,1.568021108,262484.417,0.2,1.51,15.15064429,0.167,0.103,0.065,0.048,0.033,0.03,0.03,0.038,0.068,0.333,0.19,0.085,0.777765832,242,
W122,1128,1.238475177,1.62383512,320146,0.2,1.535,15.47222757,0.147,0.098,0.072,0.053,0.04,0.044,0.051,0.055,0.062,0.328,0.177,0.112,0.795156742,243,
W124,1222,1.220949264,1.263573708,323140.667,0.18,1.537,15.42834995,0.174,0.096,0.063,0.053,0.054,0.051,0.044,0.036,0.082,0.35,0.203,0.115,0.808529156,244,
W125,1202,0.888519135,1.054111661,285696.25,0.22,1.531,15.20662933,0.165,0.105,0.072,0.059,0.042,0.038,0.039,0.038,0.056,0.368,0.217,0.101,0.770510227,245,
W126,786,1.695928753,1.726147556,198402.25,0.19,1.473,15.25834545,0.157,0.096,0.071,0.06,0.051,0.045,0.04,0.036,0.08,0.35,0.193,0.114,0.767812759,246,
W128,1065,1.255399061,1.387909869,336428.75,0.24,1.543,15.28291767,0.163,0.119,0.084,0.057,0.033,0.031,0.034,0.04,0.067,0.312,0.208,0.087,0.821889963,247,
W131,1218,1.34318555,1.406364948,388820.833,0.2,1.557,15.59761177,0.18,0.111,0.074,0.053,0.034,0.036,0.042,0.04,0.064,0.35,0.204,0.101,0.807260443,248,
W132,1040,1.414423077,1.442837934,153783,0.1,1.436,15.10642235,0.176,0.111,0.085,0.061,0.035,0.024,0.019,0.015,0.093,0.401,0.239,0.07,0.728897017,249,
W133,1220,1.236885246,1.290516458,297176.167,0.16,1.524,15.30879685,0.163,0.112,0.077,0.057,0.043,0.042,0.042,0.032,0.079,0.374,0.214,0.094,0.759204459,250,
W134,1210,0.970247934,1.203055016,367799.833,0.26,1.556,15.26647052,0.183,0.123,0.093,0.071,0.044,0.036,0.034,0.035,0.06,0.339,0.226,0.098,0.841378605,251,
W135,1218,0.902298851,1.222231609,548132.25,0.41,1.624,15.49057246,0.146,0.12,0.106,0.092,0.065,0.053,0.04,0.035,0.035,0.277,0.199,0.118,0.852173636,252,
W137,1028,1.077821012,1.209431434,338610,0.3,1.562,15.06274659,0.137,0.091,0.069,0.059,0.04,0.037,0.036,0.041,0.053,0.265,0.183,0.095,0.795327858,253,
W138,648,1.447530864,1.529809603,147308,0.24,1.446,14.78250803,0.146,0.098,0.076,0.059,0.042,0.038,0.04,0.042,0.067,0.288,0.185,0.097,0.76391027,254,
W140,1228,0.821661238,1.027496068,344259.833,0.28,1.56,15.18821212,0.17,0.125,0.088,0.062,0.046,0.045,0.043,0.037,0.065,0.345,0.209,0.114,0.81059827,255,
W142,1220,1.318032787,1.454883429,354758.417,0.18,1.548,15.65765434,0.149,0.089,0.065,0.056,0.051,0.058,0.06,0.053,0.058,0.293,0.186,0.133,0.74492428,256,
W143,1121,1.001784121,1.119686767,323785.5,0.26,1.555,15.08149206,0.136,0.092,0.074,0.064,0.052,0.044,0.042,0.046,0.054,0.278,0.191,0.124,0.847115705,257,
W144,1227,1.070904645,1.130476762,622848.75,0.39,1.624,15.54506722,0.149,0.114,0.09,0.076,0.056,0.051,0.053,0.056,0.04,0.25,0.212,0.131,0.794613772,258,
W145,1252,0.765974441,1.006745935,492736.583,0.41,1.608,15.3913947,0.151,0.122,0.102,0.087,0.058,0.049,0.047,0.045,0.038,0.242,0.227,0.141,0.821132075,259,
W146,1069,1.376987839,1.362970843,340150.333,0.22,1.547,15.44501574,0.161,0.098,0.068,0.051,0.041,0.045,0.052,0.056,0.077,0.327,0.196,0.116,0.832721254,260,
W147,980,1.160204082,1.263284153,295490.75,0.27,1.542,15.17252506,0.144,0.092,0.068,0.054,0.045,0.043,0.045,0.047,0.055,0.276,0.173,0.104,0.785960214,261,
W148,1231,1.054427295,1.121444907,475854.167,0.3,1.586,15.38710687,0.161,0.114,0.089,0.072,0.046,0.04,0.035,0.038,0.054,0.3,0.213,0.107,0.848746824,262,
W149,757,1.480845443,1.577916578,197267.167,0.23,1.489,14.88603108,0.13,0.088,0.066,0.048,0.042,0.042,0.049,0.069,0.066,0.267,0.167,0.118,0.765873969,263,
W150,953,1.033578174,1.099732272,256253.833,0.27,1.523,14.7316032,0.138,0.097,0.071,0.06,0.043,0.038,0.036,0.037,0.061,0.26,0.191,0.097,0.81920874,264,
W151,762,1.286089239,1.339029356,156951.833,0.21,1.455,14.65735364,0.163,0.09,0.067,0.059,0.046,0.048,0.047,0.035,0.071,0.324,0.198,0.108,0.754990389,265,
W152,897,1.227424749,1.275753538,252450.833,0.26,1.52,14.94077405,0.136,0.083,0.068,0.064,0.053,0.048,0.048,0.046,0.051,0.291,0.187,0.123,0.76966336,266,
W153,1032,0.923449612,1.062846434,244641.083,0.25,1.514,14.96380164,0.14,0.086,0.061,0.049,0.043,0.043,0.045,0.047,0.054,0.273,0.168,0.103,0.738377393,267,
W154,1004,1.065737052,1.112197647,215627.417,0.2,1.499,14.86576833,0.137,0.096,0.081,0.064,0.057,0.052,0.044,0.039,0.064,0.314,0.193,0.125,0.724251497,268,
W155,826,1.245762712,1.292776965,148464.25,0.17,1.446,14.66595521,0.126,0.073,0.064,0.062,0.058,0.055,0.063,0.062,0.077,0.279,0.168,0.129,0.697884554,269,
W157,987,1.137791287,1.204869103,239085.5,0.22,1.512,15.02158173,0.144,0.084,0.058,0.045,0.041,0.045,0.047,0.055,0.063,0.317,0.171,0.119,0.778783784,270,
W158,1114,1.035906643,1.142117829,278147.833,0.22,1.531,14.88691913,0.134,0.081,0.06,0.052,0.034,0.036,0.038,0.055,0.052,0.279,0.171,0.101,0.759464737,271,
W159,679,1.590574374,1.629001986,175779.25,0.24,1.471,14.72499085,0.135,0.088,0.07,0.057,0.045,0.043,0.045,0.051,0.061,0.275,0.167,0.106,0.745142379,272,
W160,818,1.289731051,1.348965557,181818.833,0.21,1.477,14.54567567,0.14,0.087,0.07,0.055,0.068,0.077,0.073,0.053,0.063,0.28,0.193,0.142,0.79110485,273,
W161,768,1.334635417,1.33715713,149867.75,0.19,1.448,14.69761077,0.146,0.095,0.068,0.052,0.036,0.038,0.035,0.038,0.08,0.284,0.19,0.087,0.731077147,274,
W162,658,1.548632219,1.701040973,189803.75,0.28,1.482,14.48415212,0.115,0.097,0.079,0.069,0.065,0.065,0.065,0.071,0.04,0.21,0.182,0.167,0.839105699,275,
W163,850,1.051764706,1.093307465,209318.333,0.28,1.496,14.91913441,0.126,0.085,0.064,0.052,0.038,0.048,0.056,0.068,0.054,0.234,0.175,0.127,0.711877395,276,
W165,683,1.396778917,1.748876793,151584.917,0.23,1.45,14.53059962,0.144,0.104,0.061,0.048,0.063,0.053,0.05,0.044,0.067,0.315,0.203,0.12,0.730726257,277,
W166,1025,1.136585366,1.385440505,202929.667,0.17,1.481,14.88915022,0.163,0.108,0.08,0.064,0.054,0.045,0.036,0.025,0.065,0.378,0.221,0.112,0.747660536,278,
W167,1223,1.013082584,1.055428388,362060.417,0.24,1.551,15.05114018,0.173,0.107,0.074,0.059,0.041,0.04,0.042,0.041,0.056,0.38,0.219,0.099,0.81701068,279,
W168,1149,0.83637946,1.008583809,341196.75,0.31,1.556,14.95318008,0.149,0.107,0.078,0.061,0.042,0.039,0.038,0.041,0.049,0.286,0.195,0.105,0.810846954,280,
W169,882,1.10430839,1.18377219,183918.75,0.21,1.479,14.77411325,0.153,0.1,0.071,0.05,0.034,0.036,0.037,0.038,0.079,0.319,0.187,0.094,0.781302698,281,
W170,789,1.172370089,1.229668496,215594.333,0.3,1.5,14.85757701,0.122,0.08,0.059,0.045,0.043,0.048,0.064,0.074,0.06,0.233,0.158,0.136,0.743355874,282,
W171,838,1.12052506,1.146746557,151069,0.19,1.45,14.68403126,0.124,0.075,0.067,0.066,0.055,0.063,0.065,0.056,0.074,0.27,0.183,0.127,0.723831301,283,
W172,1040,1.025961538,1.102874467,350507.083,0.32,1.566,15.07841219,0.143,0.107,0.083,0.06,0.039,0.035,0.036,0.041,0.06,0.267,0.192,0.088,0.822515176,284,
W173,949,1.32455216,1.400471542,177346.167,0.15,1.455,14.64317348,0.166,0.097,0.07,0.06,0.033,0.032,0.035,0.045,0.082,0.362,0.197,0.092,0.827645691,285,
W174,822,1.309002433,1.366475358,179803.083,0.2,1.476,14.46024302,0.147,0.092,0.063,0.046,0.044,0.046,0.048,0.051,0.07,0.265,0.183,0.119,0.823191838,286,
W175,926,1.242980562,1.271417337,214188.667,0.2,1.494,14.98205965,0.152,0.103,0.078,0.062,0.039,0.034,0.034,0.042,0.07,0.301,0.201,0.082,0.822952542,287,
W176,992,1.173387097,1.245342689,337284.583,0.29,1.554,14.97640108,0.133,0.081,0.066,0.053,0.044,0.042,0.04,0.046,0.049,0.281,0.169,0.095,0.786895911,288,
W178,1141,0.957931639,0.974031019,371619.167,0.3,1.573,15.09031697,0.137,0.098,0.078,0.061,0.048,0.045,0.042,0.042,0.046,0.248,0.196,0.115,0.807597691,289,
W179,620,1.243548387,1.290360882,126866.75,0.27,1.425,14.66226166,0.122,0.078,0.063,0.059,0.051,0.049,0.053,0.063,0.06,0.239,0.169,0.118,0.770058104,290,
W180,947,1.048574446,1.108093048,180095.75,0.19,1.472,14.78207233,0.123,0.072,0.059,0.052,0.037,0.035,0.037,0.048,0.068,0.257,0.17,0.101,0.777977896,291,
W182,673,1.506686478,1.608240188,177535.083,0.26,1.473,14.80375758,0.133,0.088,0.068,0.065,0.053,0.051,0.047,0.059,0.059,0.218,0.176,0.144,0.792340092,292,
W183,775,1.12516129,1.219538684,220842.083,0.33,1.505,14.69567378,0.145,0.091,0.069,0.061,0.046,0.038,0.035,0.035,0.066,0.302,0.194,0.097,0.793139474,293,
W184,901,0.937846837,1.081205579,192181.333,0.25,1.483,14.79514234,0.121,0.088,0.071,0.06,0.045,0.042,0.042,0.042,0.057,0.262,0.169,0.111,0.766640699,294,
W185,753,1.262948207,1.335761615,232484.833,0.32,1.511,14.63276536,0.132,0.084,0.057,0.046,0.036,0.033,0.034,0.046,0.058,0.247,0.148,0.088,0.784634689,295,
W186,726,1.378787879,1.534446165,150378.167,0.21,1.451,14.54591736,0.149,0.097,0.069,0.06,0.055,0.056,0.051,0.047,0.07,0.298,0.196,0.127,0.754706019,296,
W187,923,1.088840737,1.321287988,168218,0.18,1.465,14.65144315,0.151,0.099,0.073,0.055,0.058,0.063,0.067,0.06,0.064,0.266,0.189,0.158,0.748270078,297,
W188,840,1.208333333,1.255525192,213386,0.25,1.499,15.02798705,0.137,0.08,0.058,0.047,0.035,0.04,0.043,0.046,0.069,0.256,0.174,0.105,0.747160203,298,
W189,783,1.260536398,1.284583009,193172.583,0.25,1.482,14.77185553,0.122,0.078,0.052,0.041,0.037,0.038,0.041,0.053,0.061,0.253,0.149,0.102,0.763405614,299,
W190,854,1.132318501,1.165426705,206056.833,0.25,1.492,14.84020582,0.126,0.082,0.059,0.052,0.048,0.05,0.051,0.058,0.06,0.244,0.16,0.137,0.796640457,300,
W191,945,1.053968254,1.162091832,260406.333,0.28,1.53,14.89085084,0.147,0.11,0.088,0.072,0.043,0.033,0.03,0.03,0.074,0.297,0.215,0.08,0.819214694,301,
W192,981,1.039755352,1.107342946,293523,0.29,1.546,14.94694409,0.141,0.107,0.086,0.072,0.05,0.042,0.04,0.037,0.064,0.257,0.214,0.099,0.840168703,302,
W193,1093,1.008234218,1.043360604,268929.583,0.22,1.528,15.18379133,0.144,0.088,0.066,0.056,0.045,0.041,0.04,0.039,0.068,0.32,0.187,0.105,0.783170279,303,
W194,814,1.507371007,1.566287203,216194.75,0.22,1.489,14.89453662,0.13,0.085,0.061,0.05,0.041,0.04,0.041,0.049,0.064,0.311,0.167,0.099,0.727928039,304,
W195,1230,1.047154472,1.088034408,411506.75,0.26,1.565,15.24837546,0.183,0.118,0.078,0.058,0.042,0.038,0.034,0.038,0.06,0.34,0.208,0.101,0.811086023,305,
W197,986,1.085192698,1.143205403,194231.583,0.18,1.485,14.86554603,0.151,0.084,0.057,0.055,0.05,0.045,0.049,0.056,0.073,0.29,0.181,0.122,0.769616315,306,
W198,961,1.086368366,1.129015784,247874.583,0.25,1.517,14.75190377,0.135,0.09,0.069,0.059,0.05,0.05,0.046,0.052,0.059,0.269,0.182,0.12,0.811498641,307,
W199,959,1.335766423,1.395497729,356362.75,0.29,1.557,15.14732953,0.138,0.101,0.083,0.065,0.046,0.039,0.034,0.037,0.051,0.243,0.199,0.094,0.791253201,308,
W200,657,1.563165906,1.609253704,136730.167,0.2,1.434,14.70028534,0.136,0.098,0.074,0.065,0.054,0.045,0.049,0.061,0.067,0.271,0.191,0.131,0.760664229,309,
W201,1125,1.131555556,1.225937262,414657.667,0.29,1.574,15.18331896,0.151,0.1,0.069,0.053,0.04,0.042,0.04,0.05,0.052,0.274,0.176,0.109,0.801486577,310,
W203,1106,1.349005425,1.454548708,382208.75,0.23,1.557,15.52580513,0.166,0.108,0.074,0.051,0.035,0.036,0.041,0.046,0.068,0.34,0.185,0.1,0.785989779,311,
W204,1126,1.204262877,1.234221589,309439.667,0.2,1.528,15.48612745,0.156,0.112,0.089,0.067,0.047,0.045,0.048,0.044,0.056,0.317,0.227,0.126,0.754160063,312,
W205,1162,1.167814114,1.289081694,314984.583,0.2,1.534,15.5398161,0.147,0.099,0.082,0.071,0.055,0.052,0.053,0.044,0.059,0.324,0.211,0.132,0.75993906,313,
W206,894,1.231543624,1.306596896,280234.167,0.28,1.536,14.8949759,0.161,0.113,0.083,0.065,0.046,0.045,0.044,0.039,0.057,0.265,0.2,0.102,0.797587856,314,
W207,758,1.534300792,1.615865247,213314.75,0.24,1.495,14.93059614,0.13,0.076,0.061,0.058,0.051,0.054,0.058,0.068,0.058,0.229,0.17,0.137,0.752175426,315,
W208,807,1.188351921,1.25618843,216083.917,0.28,1.501,14.54333622,0.137,0.088,0.075,0.062,0.049,0.054,0.06,0.068,0.048,0.257,0.192,0.152,0.784636774,316,
W210,950,1.572631579,1.696178309,223585.667,0.16,1.487,15.36918346,0.201,0.131,0.084,0.065,0.028,0.02,0.016,0.012,0.065,0.409,0.216,0.092,0.701805675,317,
W211,873,1.199312715,1.44532093,198559.583,0.22,1.489,15.01583938,0.142,0.095,0.064,0.049,0.044,0.048,0.052,0.048,0.077,0.291,0.174,0.111,0.720852575,318,
W212,1226,1.097879282,1.129246708,366611.333,0.22,1.553,15.38181742,0.16,0.103,0.074,0.057,0.043,0.047,0.051,0.045,0.061,0.348,0.186,0.123,0.765806299,319,
W213,1011,1.189910979,1.221938622,309542.833,0.25,1.539,15.10215545,0.141,0.106,0.086,0.071,0.052,0.043,0.037,0.039,0.055,0.272,0.203,0.115,0.753241391,320,
W214,1228,1.174267101,1.23806219,427221.333,0.24,1.575,15.50019607,0.164,0.118,0.086,0.066,0.044,0.037,0.035,0.039,0.051,0.293,0.209,0.102,0.81810903,321,
W215,918,1.404139434,1.459260984,284614,0.24,1.522,15.2244281,0.156,0.11,0.077,0.063,0.05,0.047,0.046,0.048,0.066,0.318,0.2,0.118,0.799358563,322,
W216,878,1.306378132,1.369474279,207554.417,0.21,1.495,14.65972327,0.142,0.094,0.071,0.064,0.055,0.049,0.051,0.056,0.063,0.265,0.191,0.136,0.800292113,323,
W217,1224,1.01879085,1.095523566,276509.917,0.18,1.514,14.92734329,0.166,0.087,0.06,0.051,0.039,0.039,0.039,0.041,0.059,0.385,0.186,0.102,0.804045004,324,
W218,1152,0.998263889,1.070088042,218638.167,0.17,1.496,14.74820901,0.172,0.101,0.065,0.045,0.039,0.042,0.044,0.041,0.073,0.359,0.193,0.109,0.846563012,325,
W219,980,1.544897959,1.555406279,266719.167,0.18,1.511,15.40286723,0.128,0.088,0.072,0.07,0.064,0.05,0.046,0.05,0.067,0.286,0.163,0.128,0.734106553,326,
W221,833,1.253301321,1.307253244,312668.833,0.36,1.552,14.99328663,0.123,0.088,0.071,0.057,0.044,0.041,0.043,0.046,0.047,0.239,0.176,0.1,0.815958753,327,
W223,958,1.176409186,1.220685685,303457.167,0.28,1.544,15.21991355,0.137,0.102,0.075,0.061,0.048,0.045,0.041,0.043,0.059,0.261,0.168,0.11,0.730005609,328,
W224,750,1.390666667,1.420260334,206243,0.26,1.494,15.02245943,0.134,0.078,0.054,0.046,0.039,0.044,0.056,0.069,0.061,0.246,0.163,0.123,0.738498014,329,
W225,953,1.048268625,1.108038218,170652.333,0.18,1.465,14.50991865,0.153,0.088,0.061,0.048,0.033,0.036,0.038,0.043,0.069,0.351,0.167,0.106,0.873589863,330,
W226,970,1.267010309,1.314389468,126633.667,0.11,1.411,14.76061558,0.171,0.086,0.049,0.038,0.036,0.033,0.031,0.022,0.096,0.44,0.189,0.072,0.75,331,
W228,1138,1.096660808,1.135420193,340355.917,0.24,1.547,15.12881057,0.144,0.092,0.067,0.053,0.036,0.034,0.039,0.042,0.063,0.3,0.182,0.093,0.786951238,332,
W230,816,1.193627451,1.310236562,220716.333,0.28,1.505,14.58032606,0.139,0.089,0.066,0.05,0.04,0.042,0.044,0.049,0.056,0.274,0.169,0.103,0.813183227,333,
W231,1031,0.956353055,1.030607884,325508.833,0.32,1.553,14.95476955,0.132,0.094,0.069,0.053,0.044,0.042,0.042,0.051,0.058,0.262,0.168,0.108,0.810262908,334,
W232,988,1.020242915,1.07679756,303775.417,0.31,1.549,14.85844102,0.135,0.092,0.078,0.061,0.044,0.042,0.042,0.046,0.052,0.252,0.187,0.105,0.819396698,335,
W234,1077,1.025069638,1.121332834,283728.333,0.24,1.535,14.97403464,0.13,0.09,0.069,0.058,0.044,0.046,0.052,0.068,0.058,0.285,0.179,0.12,0.73772171,336,
W235,1128,1.071808511,1.519744475,260064.083,0.19,1.509,15.48270456,0.157,0.102,0.079,0.067,0.054,0.049,0.042,0.04,0.066,0.322,0.221,0.118,0.715604091,337,
W236,913,1.205914567,1.318420239,214689.917,0.21,1.496,14.90715899,0.139,0.09,0.07,0.056,0.047,0.04,0.04,0.044,0.056,0.291,0.194,0.113,0.69513217,338,
W237,1051,1.169362512,1.224387378,377348.667,0.29,1.557,15.17281422,0.162,0.101,0.07,0.056,0.038,0.037,0.038,0.049,0.058,0.291,0.193,0.115,0.801551954,339,
W238,784,1.368622449,1.412514808,183053.667,0.22,1.478,15.02450026,0.131,0.088,0.068,0.052,0.047,0.044,0.048,0.054,0.076,0.282,0.159,0.104,0.772104514,340,
W239,616,1.303571429,1.487205736,139746.75,0.28,1.436,14.64105192,0.126,0.085,0.065,0.053,0.046,0.052,0.052,0.052,0.063,0.243,0.164,0.102,0.765435427,341,
W240,718,1.564066852,1.61768986,138698,0.17,1.438,14.63564242,0.148,0.093,0.073,0.054,0.045,0.044,0.039,0.05,0.068,0.308,0.214,0.097,0.761315458,342,
W241,911,1.165751921,1.190981525,222073,0.23,1.502,14.91102124,0.144,0.089,0.064,0.051,0.044,0.045,0.041,0.044,0.063,0.3,0.176,0.112,0.789191489,343,
W242,844,1.181279621,1.212060298,209620.25,0.25,1.494,14.72691088,0.151,0.1,0.073,0.056,0.033,0.03,0.032,0.035,0.061,0.279,0.188,0.075,0.799382227,344,
W243,996,1.320281124,1.363525341,290459.833,0.22,1.52,14.95892961,0.171,0.107,0.069,0.045,0.03,0.031,0.034,0.046,0.059,0.313,0.191,0.096,0.787376528,345,
W244,958,1.361169102,1.387314711,245605.167,0.2,1.501,14.81277061,0.169,0.102,0.073,0.056,0.034,0.03,0.035,0.039,0.065,0.342,0.198,0.088,0.806128275,346,
W245,915,1.272131148,1.325631155,214455.833,0.2,1.491,15.01954651,0.137,0.09,0.064,0.052,0.046,0.044,0.044,0.047,0.075,0.297,0.181,0.106,0.807846277,347,
W246,1221,0.714987715,1.096054318,451063.583,0.42,1.598,15.31013845,0.14,0.126,0.112,0.097,0.063,0.053,0.041,0.032,0.036,0.264,0.194,0.127,0.826174679,348,
W247,1017,1.41986234,1.441741062,188669.583,0.13,1.464,15.18833346,0.16,0.09,0.071,0.061,0.045,0.031,0.025,0.024,0.083,0.369,0.211,0.089,0.80627895,349,
W251,928,1.213362069,1.268677213,233339.417,0.22,1.509,15.08248898,0.14,0.095,0.068,0.051,0.043,0.045,0.048,0.054,0.065,0.286,0.179,0.102,0.784650492,350,
W253,1029,1.434402332,1.656984392,314859.833,0.21,1.531,15.23751708,0.164,0.096,0.072,0.052,0.048,0.051,0.051,0.046,0.057,0.339,0.197,0.127,0.785076416,351,
W255,969,1.539731682,1.564894309,301592.083,0.21,1.53,15.39236109,0.142,0.102,0.074,0.059,0.048,0.047,0.049,0.055,0.068,0.273,0.185,0.117,0.774640189,352,
W257,1181,1.213378493,1.249352657,375093.583,0.22,1.555,15.32180302,0.162,0.115,0.084,0.062,0.043,0.048,0.048,0.039,0.048,0.359,0.223,0.114,0.785541335,353,
W258,1082,1.171903882,1.212474212,327352.667,0.24,1.541,15.4890408,0.14,0.087,0.063,0.051,0.048,0.047,0.048,0.055,0.061,0.262,0.164,0.125,0.790336929,354,
W259,980,1.230612245,1.251168489,251774.333,0.21,1.507,15.09052122,0.16,0.096,0.073,0.065,0.047,0.053,0.052,0.045,0.051,0.314,0.211,0.12,0.727679882,355,
W260,1030,1.433009709,1.477339447,310369.5,0.2,1.528,15.33111077,0.16,0.107,0.076,0.061,0.038,0.037,0.043,0.041,0.063,0.329,0.189,0.129,0.788395725,356,
W261,792,1.825757576,1.864652461,218411.083,0.19,1.488,15.46464876,0.161,0.093,0.058,0.042,0.04,0.04,0.042,0.056,0.098,0.295,0.166,0.112,0.722270257,357,
W263,1250,0.936,1.021021636,429005.5,0.29,1.58,15.33889687,0.153,0.093,0.073,0.058,0.046,0.043,0.038,0.04,0.049,0.307,0.203,0.098,0.808911307,358,
W264,890,1.51011236,1.53036969,269481.25,0.23,1.515,15.48079467,0.141,0.091,0.073,0.065,0.057,0.05,0.046,0.044,0.068,0.269,0.185,0.116,0.725014611,359,
W265,871,0.987370838,1.056345025,178911.833,0.24,1.475,14.99906254,0.122,0.088,0.074,0.065,0.05,0.044,0.044,0.049,0.063,0.255,0.199,0.114,0.746946617,360,
W266,1258,1.13990461,1.242095968,484705.083,0.27,1.589,15.4634495,0.163,0.106,0.079,0.064,0.038,0.036,0.034,0.039,0.054,0.326,0.203,0.095,0.804452106,361,
W267,837,1.298685783,1.375086296,147163.75,0.16,1.444,14.81180824,0.126,0.094,0.067,0.064,0.06,0.064,0.052,0.053,0.056,0.223,0.168,0.141,0.678810879,362,
W268,1058,0.97637051,1.059172232,218542.75,0.2,1.496,14.86059381,0.136,0.08,0.06,0.053,0.052,0.049,0.044,0.041,0.072,0.324,0.172,0.119,0.722643467,363,
W270,654,1.634556575,1.677152171,168974.167,0.24,1.463,14.83022087,0.111,0.09,0.065,0.053,0.047,0.051,0.059,0.06,0.059,0.244,0.155,0.128,0.703215318,364,
W271,862,1.350348028,1.370406308,275780.917,0.27,1.524,14.86531672,0.138,0.101,0.069,0.056,0.04,0.034,0.04,0.059,0.049,0.276,0.179,0.109,0.812177618,365,
W272,1227,0.742461288,0.854152286,474192.417,0.42,1.606,15.21409013,0.131,0.088,0.068,0.064,0.055,0.052,0.053,0.052,0.039,0.226,0.18,0.13,0.81157622,366,
W273,745,1.998657718,2.127495529,167637.667,0.15,1.449,14.66413953,0.165,0.094,0.067,0.053,0.041,0.04,0.035,0.026,0.09,0.4,0.192,0.113,0.834295309,367,
W274,1139,0.827041264,0.924777787,327050.833,0.3,1.551,14.93652957,0.137,0.097,0.071,0.06,0.044,0.044,0.045,0.049,0.048,0.29,0.178,0.121,0.788016386,368,
W275,1231,1.078797725,1.337928063,170598.25,0.1,1.457,14.71755851,0.199,0.112,0.069,0.048,0.031,0.025,0.017,0.01,0.084,0.442,0.24,0.056,0.828707086,369,
W276,1297,1.096376253,1.161008864,408217.333,0.22,1.564,15.51456103,0.171,0.113,0.079,0.06,0.044,0.04,0.039,0.037,0.06,0.32,0.216,0.109,0.806870056,370,
W277,1138,1.223198594,1.236277597,333366.167,0.21,1.541,15.445299,0.146,0.094,0.067,0.055,0.043,0.039,0.038,0.042,0.072,0.296,0.191,0.101,0.750121215,371,
W281,1223,0.91741619,1.08778966,459741,0.34,1.599,15.30096631,0.153,0.115,0.086,0.069,0.051,0.044,0.042,0.041,0.051,0.292,0.211,0.107,0.824111454,372,
W282,1056,1.098484848,1.148629268,362691.083,0.3,1.566,15.34525924,0.15,0.102,0.074,0.057,0.04,0.036,0.036,0.039,0.064,0.297,0.199,0.09,0.808274142,373,
W286,990,1.387878788,1.405103809,303702.75,0.22,1.529,15.29723894,0.135,0.087,0.065,0.054,0.045,0.05,0.054,0.059,0.063,0.251,0.165,0.119,0.784846602,374,
W288,1222,1.230769231,1.266812484,266888.083,0.15,1.506,15.08966662,0.193,0.111,0.072,0.061,0.048,0.037,0.027,0.017,0.069,0.367,0.243,0.094,0.81559806,375,
W290,945,1.04021164,1.08810152,249839.333,0.27,1.52,15.02328298,0.13,0.081,0.059,0.051,0.039,0.042,0.046,0.048,0.055,0.247,0.173,0.101,0.751388982,376,
W292,1230,1.004065041,1.168477165,543205.167,0.36,1.617,15.52882015,0.133,0.1,0.076,0.06,0.055,0.053,0.054,0.057,0.054,0.257,0.187,0.123,0.837102072,377,
W293,902,1.089800443,1.191164168,320070.083,0.36,1.553,14.88040458,0.121,0.076,0.062,0.049,0.04,0.039,0.04,0.045,0.056,0.231,0.148,0.1,0.793373061,378,
W294,1227,1.156479218,1.254123901,490734,0.28,1.589,15.54297608,0.15,0.103,0.082,0.064,0.046,0.042,0.044,0.048,0.052,0.31,0.191,0.117,0.761397059,379,
W295,739,1.223274696,1.270021887,147096.167,0.22,1.448,14.44324501,0.145,0.103,0.076,0.056,0.045,0.042,0.041,0.043,0.078,0.308,0.199,0.109,0.782998858,380,
W301,1021,0.966699314,1.093679175,336913.333,0.33,1.558,14.98692252,0.143,0.095,0.074,0.058,0.045,0.041,0.041,0.044,0.046,0.274,0.188,0.11,0.783722192,381,
W302,1229,1.144833198,1.197337432,405308.417,0.23,1.563,15.37141416,0.15,0.106,0.075,0.061,0.045,0.04,0.039,0.042,0.057,0.318,0.203,0.111,0.810489751,382,
W303,1129,1.241806909,1.364153488,318185.583,0.2,1.535,15.3293518,0.143,0.103,0.076,0.059,0.049,0.051,0.056,0.052,0.051,0.296,0.192,0.128,0.779934245,383,
W304,940,1.058510638,1.345110313,194559.75,0.21,1.487,14.62731732,0.174,0.109,0.067,0.048,0.036,0.035,0.035,0.042,0.078,0.332,0.188,0.088,0.727586748,384,
W306,1189,1.13372582,1.209879036,330595.667,0.21,1.542,15.1583922,0.156,0.11,0.084,0.065,0.042,0.037,0.034,0.033,0.065,0.302,0.215,0.088,0.849267188,385,
W308,1175,0.940425532,1.010967271,263942.167,0.2,1.525,14.90299278,0.16,0.106,0.08,0.058,0.037,0.035,0.034,0.032,0.067,0.322,0.204,0.091,0.836662417,386,
W310,946,1.0602537,1.114842665,320686,0.34,1.553,14.96547847,0.15,0.102,0.08,0.061,0.047,0.046,0.042,0.048,0.045,0.268,0.205,0.115,0.808689599,387,
W311,705,1.323404255,1.439806134,179708,0.27,1.474,14.64356695,0.113,0.084,0.067,0.064,0.049,0.047,0.047,0.055,0.051,0.215,0.164,0.121,0.792748516,388,
W314,836,1.145933014,1.30098408,173959.75,0.22,1.468,14.82937596,0.128,0.079,0.058,0.05,0.044,0.041,0.045,0.061,0.065,0.251,0.163,0.114,0.780006829,389,
W315,768,1.334635417,1.374948466,196071.917,0.25,1.488,14.84472978,0.133,0.098,0.079,0.065,0.046,0.044,0.048,0.05,0.051,0.239,0.202,0.11,0.773100616,390,
W316,855,1.302923977,1.322992177,181299.333,0.19,1.476,14.6951158,0.125,0.097,0.079,0.067,0.049,0.045,0.039,0.039,0.074,0.256,0.195,0.101,0.787850024,391,
W317,841,1.179548157,1.243051525,215913.5,0.26,1.5,14.78688762,0.127,0.081,0.067,0.058,0.045,0.05,0.051,0.057,0.058,0.259,0.169,0.123,0.768914863,392,
W318,1228,1.162052117,1.220873119,485274.75,0.28,1.592,15.65923631,0.172,0.116,0.082,0.064,0.054,0.053,0.048,0.038,0.057,0.316,0.232,0.121,0.801733563,393,
W320,1097,0.967183227,1.449645591,306709.5,0.26,1.548,14.98440948,0.153,0.111,0.099,0.082,0.05,0.044,0.04,0.039,0.053,0.315,0.237,0.11,0.843954076,394,
W321,1219,0.862182116,1.209324222,491275.333,0.38,1.61,15.27438512,0.138,0.104,0.08,0.07,0.053,0.053,0.053,0.055,0.036,0.257,0.204,0.124,0.814707542,395,
W323,1227,1.154849226,1.227244088,352671.5,0.2,1.546,15.273933,0.168,0.108,0.076,0.061,0.044,0.037,0.032,0.031,0.058,0.344,0.206,0.099,0.816625122,396,
W325,1101,1.019981835,1.08490722,282400.167,0.23,1.536,14.98702171,0.148,0.099,0.081,0.07,0.055,0.049,0.043,0.04,0.048,0.306,0.221,0.109,0.829963176,397,
W327,863,1.122827346,1.234293454,194625,0.23,1.488,14.52474481,0.157,0.101,0.069,0.054,0.045,0.044,0.048,0.062,0.068,0.267,0.208,0.117,0.799574694,398,
W328,780,1.580769231,1.646400785,239394.833,0.25,1.496,15.24706246,0.138,0.089,0.066,0.056,0.047,0.039,0.038,0.048,0.066,0.273,0.174,0.106,0.742725509,399,
W329,1216,1.002467105,1.10924047,253602.333,0.17,1.514,14.96490101,0.182,0.101,0.071,0.059,0.046,0.042,0.038,0.03,0.072,0.353,0.228,0.097,0.826066541,400,
W330,984,1.299796748,1.417693653,220758.917,0.18,1.486,15.34093563,0.149,0.088,0.067,0.049,0.035,0.037,0.045,0.056,0.076,0.322,0.185,0.093,0.786923986,401,
