ID,PW,PH(V),PH(V)/PW,PH,PH/PW,SA,SA/PH(V)*PW,IFD,SFD,G_g,f1,f2,f3,f4,f5,f6,f7,f8,f9,f10,f11,f12,LD1,LD2,LD3,LD4,LD5,LD6,WC,IDNumber,Type
1,1225,1464,1.195102041,1505.828496,1.229247752,363044.417,0.2,1.76,1.547,15.40739414,0.327,0.178,0.111,0.076,0.059,0.052,0.051,0.045,0.038,0.028,0.017,0.018,0.068,0.364,0.229,0.159,0.102,0.079,0.786465844,1,
2,1071,1438,1.342670401,1470.208443,1.372743645,261607,0.17,1.775,1.509,15.44132545,0.36,0.172,0.091,0.057,0.042,0.038,0.038,0.035,0.038,0.048,0.039,0.041,0.085,0.349,0.184,0.119,0.097,0.166,0.818944699,2,
4,1148,1193,1.039198606,1169.416887,1.018655825,205201.083,0.15,1.762,1.485,15.03945061,0.363,0.172,0.093,0.064,0.055,0.045,0.04,0.036,0.035,0.037,0.035,0.024,0.083,0.369,0.2,0.131,0.1,0.117,0.754311127,3,
5,1059,1191,1.124645892,1500.551451,1.416951323,351768.833,0.28,1.819,1.558,15.14210257,0.254,0.16,0.113,0.086,0.064,0.052,0.047,0.042,0.041,0.046,0.048,0.046,0.051,0.299,0.209,0.136,0.105,0.199,0.840076118,4,
6,739,940,1.271989175,1075.74934,1.455682463,162925.25,0.23,1.809,1.461,14.78217411,0.291,0.148,0.081,0.058,0.047,0.038,0.039,0.039,0.054,0.061,0.07,0.073,0.075,0.28,0.169,0.127,0.107,0.242,0.745497568,5,
7,842,988,1.173396675,1139.073879,1.352819333,222355.083,0.27,1.839,1.505,15.01047869,0.259,0.129,0.083,0.061,0.054,0.046,0.042,0.045,0.053,0.062,0.076,0.092,0.066,0.255,0.161,0.128,0.122,0.267,0.74407696,6,
8,778,799,1.026992288,984.7203166,1.265707348,188860.833,0.3,1.842,1.484,14.4352609,0.223,0.137,0.097,0.071,0.054,0.044,0.041,0.037,0.04,0.043,0.072,0.14,0.062,0.263,0.175,0.111,0.091,0.299,0.829440906,7,
9,912,993,1.088815789,1061.237467,1.163637573,224910.583,0.25,1.842,1.505,14.78919787,0.264,0.13,0.079,0.059,0.05,0.047,0.041,0.046,0.053,0.067,0.088,0.075,0.057,0.269,0.156,0.116,0.126,0.277,0.738732679,8,
11,912,1277,1.400219298,1369.944591,1.502132227,318124.667,0.27,1.829,1.536,15.41282103,0.264,0.146,0.089,0.062,0.052,0.047,0.047,0.048,0.054,0.06,0.066,0.066,0.056,0.28,0.171,0.133,0.128,0.232,0.809871188,9,
12,951,1102,1.158780231,1177.332454,1.237994168,265940.333,0.25,1.847,1.53,14.8432276,0.249,0.13,0.086,0.067,0.059,0.053,0.049,0.049,0.054,0.06,0.071,0.073,0.061,0.247,0.169,0.135,0.137,0.251,0.806626314,10,
13,897,828,0.923076923,892.3720317,0.994840615,150139.083,0.2,1.748,1.45,14.81793724,0.378,0.169,0.089,0.064,0.052,0.05,0.05,0.047,0.034,0.026,0.019,0.022,0.074,0.369,0.222,0.156,0.1,0.08,0.742713302,11,
15,1219,1566,1.284659557,1598.176781,1.311055604,332904.5,0.17,1.773,1.54,15.41430882,0.291,0.179,0.119,0.088,0.074,0.061,0.057,0.05,0.037,0.023,0.014,0.006,0.057,0.319,0.231,0.178,0.124,0.092,0.763087425,12,
21,1071,889,0.830065359,984.7203166,0.919440072,300706.417,0.32,1.836,1.543,14.76389125,0.254,0.139,0.093,0.073,0.06,0.051,0.044,0.041,0.041,0.046,0.068,0.092,0.053,0.284,0.186,0.126,0.105,0.246,0.832048564,13,
22,959,1075,1.120959333,1174.693931,1.224915465,271972.667,0.26,1.811,1.531,14.9328722,0.277,0.159,0.112,0.074,0.054,0.042,0.038,0.035,0.033,0.038,0.053,0.084,0.062,0.305,0.201,0.128,0.087,0.217,0.811139069,14,
24,818,1034,1.26405868,1065.195251,1.302194683,208691.5,0.25,1.809,1.496,14.58739991,0.28,0.149,0.1,0.077,0.065,0.05,0.041,0.032,0.032,0.035,0.055,0.083,0.059,0.306,0.211,0.134,0.081,0.209,0.837384063,15,
25,796,834,1.047738693,879.1794195,1.104496758,158815.75,0.24,1.81,1.459,14.54957725,0.286,0.16,0.1,0.075,0.055,0.042,0.036,0.033,0.034,0.041,0.058,0.08,0.078,0.294,0.193,0.125,0.1,0.209,0.768796568,16,
27,1198,1141,0.952420701,1202.398417,1.003671467,347421.25,0.25,1.824,1.559,15.12603514,0.242,0.151,0.109,0.086,0.065,0.047,0.036,0.035,0.037,0.045,0.059,0.089,0.056,0.29,0.197,0.125,0.095,0.236,0.804808994,17,
28,519,938,1.807321773,963.6121372,1.856670785,126739.917,0.26,1.816,1.424,14.37043297,0.263,0.122,0.083,0.067,0.055,0.049,0.051,0.053,0.069,0.063,0.065,0.059,0.063,0.25,0.167,0.135,0.141,0.244,0.79057917,18,
30,1226,1111,0.906199021,1176.013193,0.959227726,416360.333,0.31,1.841,1.584,15.29426935,0.238,0.144,0.093,0.073,0.061,0.052,0.045,0.043,0.042,0.045,0.069,0.095,0.045,0.28,0.196,0.137,0.104,0.238,0.742414861,19,
31,1039,990,0.952839269,1084.984169,1.044258103,203700.417,0.2,1.796,1.489,14.94907723,0.279,0.132,0.084,0.071,0.065,0.058,0.06,0.072,0.077,0.057,0.029,0.016,0.054,0.282,0.201,0.167,0.159,0.137,0.731866893,20,
33,1168,1232,1.054794521,1245.934037,1.066724347,374822.167,0.26,1.834,1.556,15.34917491,0.278,0.137,0.084,0.068,0.05,0.045,0.049,0.043,0.047,0.057,0.065,0.078,0.053,0.293,0.173,0.125,0.118,0.238,0.806393099,21,
37,1097,1191,1.085688241,1215.591029,1.108104858,262459.083,0.2,1.823,1.519,15.19381553,0.304,0.136,0.086,0.058,0.049,0.046,0.049,0.048,0.053,0.064,0.066,0.041,0.059,0.305,0.159,0.124,0.132,0.22,0.717967352,22,
38,1185,1135,0.957805907,1257.807388,1.061440834,315406.167,0.23,1.822,1.547,15.30844151,0.29,0.154,0.104,0.072,0.048,0.039,0.035,0.031,0.032,0.045,0.059,0.091,0.059,0.317,0.199,0.12,0.084,0.22,0.746435119,23,
39,1222,1136,0.929623568,1280.234828,1.047655342,297407,0.21,1.822,1.54,15.31318617,0.282,0.147,0.092,0.066,0.051,0.049,0.047,0.046,0.051,0.059,0.06,0.051,0.056,0.3,0.19,0.131,0.13,0.193,0.73367822,24,
40,1121,1063,0.948260482,1532.21372,1.366827583,225420.667,0.19,1.765,1.501,15.07937421,0.344,0.169,0.102,0.072,0.057,0.047,0.044,0.045,0.044,0.037,0.021,0.019,0.063,0.362,0.217,0.14,0.103,0.116,0.755715558,25,
42,932,1100,1.180257511,1239.337731,1.329761514,263522.667,0.26,1.822,1.528,14.95997324,0.283,0.135,0.088,0.066,0.052,0.051,0.051,0.053,0.051,0.052,0.059,0.058,0.055,0.289,0.169,0.149,0.134,0.203,0.744157692,26,
43,943,1044,1.107104984,1116.646438,1.184142564,265476.25,0.27,1.846,1.526,15.13750935,0.245,0.128,0.08,0.068,0.054,0.052,0.048,0.045,0.047,0.056,0.086,0.092,0.047,0.257,0.166,0.129,0.125,0.276,0.713377117,27,
44,985,1116,1.132994924,1156.224274,1.173831751,235769.583,0.21,1.842,1.51,14.98995048,0.286,0.123,0.077,0.052,0.042,0.038,0.037,0.037,0.045,0.066,0.098,0.1,0.072,0.269,0.136,0.104,0.116,0.303,0.71898883,28,
45,650,977,1.503076923,1149.627968,1.768658413,138912.25,0.22,1.804,1.439,14.76020114,0.228,0.124,0.09,0.072,0.063,0.059,0.059,0.068,0.069,0.064,0.05,0.054,0.064,0.243,0.181,0.173,0.139,0.2,0.731765365,29,
46,992,1001,1.009072581,1044.087071,1.052507128,205173.667,0.21,1.802,1.491,14.92271045,0.327,0.162,0.089,0.058,0.042,0.04,0.037,0.038,0.038,0.042,0.055,0.072,0.076,0.316,0.174,0.118,0.099,0.218,0.740996984,30,
47,1041,1385,1.330451489,1592.899736,1.530163051,277727.75,0.19,1.806,1.514,15.4425764,0.306,0.152,0.091,0.067,0.054,0.044,0.039,0.039,0.053,0.06,0.051,0.044,0.067,0.308,0.174,0.12,0.132,0.199,0.784363424,31,
48,961,1055,1.097814776,1210.313984,1.259431825,213707.167,0.21,1.802,1.499,14.7947882,0.263,0.16,0.095,0.067,0.057,0.055,0.046,0.041,0.044,0.05,0.06,0.062,0.068,0.302,0.183,0.129,0.117,0.202,0.731127679,32,
50,1076,1185,1.101301115,1281.55409,1.191035399,398226.667,0.31,1.842,1.567,15.20965143,0.259,0.146,0.101,0.075,0.06,0.046,0.039,0.036,0.034,0.038,0.068,0.097,0.056,0.3,0.182,0.118,0.093,0.251,0.777633177,33,
51,913,1099,1.203723987,1190.525066,1.303970499,272561.667,0.27,1.831,1.535,14.86144025,0.24,0.141,0.098,0.083,0.071,0.053,0.043,0.036,0.032,0.037,0.058,0.108,0.061,0.273,0.194,0.142,0.09,0.24,0.816226361,34,
52,879,1014,1.153583618,1083.664908,1.232838348,211226.667,0.24,1.813,1.496,14.63506357,0.269,0.124,0.095,0.075,0.064,0.061,0.054,0.053,0.053,0.054,0.055,0.044,0.06,0.287,0.185,0.141,0.142,0.185,0.789379008,35,
53,1223,1045,0.854456255,1226.145119,1.002571642,416617.667,0.33,1.832,1.586,15.20698635,0.245,0.134,0.098,0.076,0.061,0.052,0.05,0.046,0.043,0.043,0.056,0.095,0.048,0.283,0.187,0.138,0.108,0.236,0.827983744,36,
54,904,985,1.08960177,1046.725594,1.157882294,255902.833,0.29,1.85,1.526,14.68991613,0.223,0.122,0.079,0.067,0.061,0.054,0.048,0.045,0.045,0.054,0.084,0.118,0.055,0.24,0.166,0.127,0.119,0.294,0.809465879,37,
55,570,1039,1.822807018,1048.044855,1.838675184,100456.5,0.17,1.743,1.395,14.44558898,0.32,0.174,0.12,0.072,0.05,0.043,0.042,0.045,0.046,0.043,0.028,0.019,0.092,0.317,0.226,0.152,0.112,0.101,0.75,38,
56,921,1199,1.30184582,1264.403694,1.372859603,163264.333,0.15,1.725,1.452,14.56569885,0.326,0.172,0.111,0.072,0.064,0.058,0.057,0.048,0.033,0.023,0.018,0.016,0.078,0.331,0.241,0.178,0.1,0.073,0.8346202,39,
57,1057,1345,1.272469253,1615.327177,1.52821871,279617,0.2,1.778,1.516,15.34931043,0.329,0.166,0.107,0.076,0.057,0.048,0.039,0.036,0.038,0.039,0.033,0.032,0.067,0.347,0.215,0.137,0.103,0.132,0.80458221,40,
58,993,1080,1.087613293,1137.754617,1.145775043,256640.667,0.24,1.805,1.522,15.12227934,0.284,0.139,0.088,0.066,0.055,0.051,0.057,0.06,0.059,0.055,0.046,0.041,0.058,0.293,0.187,0.154,0.128,0.181,0.758583211,41,
59,1222,1181,0.966448445,1256.488127,1.02822269,439277.917,0.3,1.83,1.583,15.19046535,0.278,0.16,0.097,0.062,0.051,0.045,0.042,0.039,0.038,0.046,0.06,0.081,0.048,0.322,0.175,0.12,0.101,0.233,0.793710361,42,
60,924,988,1.069264069,1021.659631,1.105692241,194094.083,0.21,1.828,1.483,14.71871257,0.269,0.131,0.082,0.069,0.06,0.057,0.052,0.052,0.049,0.051,0.058,0.071,0.052,0.287,0.183,0.139,0.109,0.23,0.752125638,43,
61,1071,1135,1.059757236,1187.886544,1.109137762,396081.167,0.33,1.851,1.58,15.07749037,0.243,0.136,0.096,0.071,0.059,0.054,0.048,0.045,0.045,0.049,0.068,0.086,0.043,0.263,0.178,0.133,0.118,0.265,0.80007682,44,
62,1117,1177,1.053715309,1330.366755,1.191017685,431283.417,0.33,1.852,1.577,15.20220317,0.248,0.151,0.091,0.068,0.055,0.044,0.041,0.038,0.038,0.042,0.074,0.109,0.049,0.265,0.185,0.123,0.09,0.288,0.791737636,45,
64,892,962,1.078475336,1069.153034,1.198602056,240472.917,0.28,1.847,1.515,14.68218315,0.214,0.132,0.098,0.08,0.068,0.06,0.061,0.054,0.047,0.052,0.06,0.073,0.054,0.255,0.186,0.147,0.133,0.226,0.811125123,46,
65,980,943,0.962244898,1141.712401,1.165012654,271769.25,0.29,1.833,1.53,14.70582552,0.25,0.143,0.101,0.072,0.056,0.046,0.041,0.039,0.039,0.05,0.071,0.092,0.058,0.281,0.183,0.124,0.108,0.246,0.825768241,47,
67,824,1031,1.251213592,1103.453826,1.339142993,150763.5,0.18,1.764,1.449,14.64139678,0.328,0.162,0.098,0.066,0.056,0.044,0.041,0.04,0.045,0.043,0.035,0.041,0.076,0.329,0.204,0.144,0.106,0.142,0.749460043,48,
68,1106,1076,0.972875226,1205.036939,1.089545153,362195.167,0.3,1.85,1.573,15.10027375,0.224,0.14,0.094,0.076,0.063,0.05,0.04,0.036,0.035,0.04,0.07,0.131,0.058,0.255,0.175,0.123,0.098,0.289,0.808113403,49,
69,909,1109,1.220022002,1212.952507,1.334381195,252675.5,0.25,1.84,1.522,14.9950342,0.244,0.124,0.091,0.07,0.056,0.054,0.052,0.052,0.052,0.052,0.062,0.09,0.054,0.261,0.174,0.137,0.119,0.256,0.764926355,50,
70,847,1471,1.736717828,1433.269129,1.692171345,184390.833,0.15,1.768,1.459,14.67659301,0.332,0.162,0.09,0.068,0.059,0.062,0.055,0.051,0.04,0.032,0.024,0.024,0.075,0.34,0.2,0.16,0.111,0.114,0.839588795,51,
71,987,1091,1.105369807,1161.501319,1.176799716,296648.083,0.28,1.854,1.542,14.88720578,0.246,0.133,0.094,0.069,0.048,0.039,0.035,0.033,0.039,0.055,0.093,0.116,0.051,0.24,0.168,0.118,0.104,0.319,0.802133604,52,
72,1142,1546,1.353765324,1555.960422,1.362487235,310517.25,0.18,1.778,1.529,15.53653059,0.298,0.172,0.108,0.082,0.07,0.062,0.059,0.052,0.039,0.023,0.016,0.02,0.058,0.346,0.218,0.161,0.113,0.103,0.756226329,53,
73,1184,1428,1.206081081,1788.150396,1.510262159,285263.167,0.17,1.723,1.519,15.55591881,0.348,0.187,0.115,0.077,0.068,0.058,0.047,0.033,0.022,0.015,0.013,0.016,0.075,0.387,0.241,0.164,0.073,0.059,0.738862559,54,
74,1002,1442,1.439121756,1466.25066,1.463324012,305798.583,0.21,1.802,1.529,15.33711789,0.273,0.161,0.115,0.078,0.061,0.046,0.04,0.04,0.04,0.041,0.047,0.057,0.059,0.321,0.203,0.128,0.093,0.196,0.802993697,55,
76,1058,1339,1.265595463,1401.60686,1.324770189,359288.833,0.25,1.824,1.553,15.70984948,0.279,0.167,0.099,0.069,0.055,0.044,0.037,0.037,0.043,0.052,0.058,0.061,0.067,0.3,0.188,0.121,0.1,0.225,0.744854934,56,
77,909,1396,1.535753575,1462.292876,1.608683032,255018.667,0.2,1.771,1.507,15.41748205,0.302,0.156,0.1,0.072,0.062,0.058,0.059,0.056,0.046,0.038,0.025,0.024,0.067,0.317,0.212,0.167,0.122,0.114,0.763608413,57,
78,1144,1697,1.483391608,1718.229551,1.501948909,322647.667,0.17,1.742,1.533,15.54871805,0.375,0.185,0.1,0.057,0.046,0.048,0.05,0.048,0.037,0.022,0.014,0.017,0.076,0.368,0.208,0.155,0.107,0.086,0.746252622,58,
79,1224,1325,1.08251634,1449.100264,1.183905444,323107.583,0.2,1.771,1.532,15.21023793,0.329,0.188,0.113,0.079,0.06,0.051,0.044,0.041,0.033,0.025,0.017,0.021,0.06,0.368,0.202,0.153,0.106,0.113,0.751922885,59,
80,1043,1408,1.349952061,1442.503958,1.383033517,318239.25,0.22,1.828,1.535,15.55515599,0.281,0.142,0.089,0.063,0.05,0.046,0.046,0.049,0.059,0.065,0.062,0.048,0.057,0.282,0.17,0.122,0.132,0.236,0.753954523,60,
81,1077,1409,1.308263695,1544.087071,1.433692731,330103.417,0.22,1.785,1.541,15.65134579,0.312,0.155,0.093,0.075,0.067,0.06,0.049,0.044,0.042,0.039,0.031,0.033,0.07,0.317,0.199,0.152,0.125,0.137,0.745372596,61,
83,1141,1344,1.17791411,1534.852243,1.345181633,259465.917,0.17,1.729,1.506,15.24022255,0.322,0.171,0.122,0.096,0.078,0.059,0.047,0.034,0.026,0.021,0.014,0.01,0.064,0.346,0.251,0.184,0.092,0.064,0.759156252,62,
85,1137,1150,1.011433597,1408.203166,1.238525212,156145.25,0.12,1.702,1.449,14.50656088,0.441,0.215,0.118,0.07,0.043,0.031,0.021,0.015,0.012,0.01,0.009,0.013,0.098,0.485,0.227,0.099,0.043,0.048,0.824165554,63,
86,1422,1017,0.715189873,1303.98153,0.917005296,386656.25,0.27,1.831,1.573,15.36472836,0.257,0.164,0.121,0.098,0.081,0.068,0.051,0.035,0.027,0.026,0.029,0.043,0.049,0.314,0.251,0.155,0.097,0.134,0.829397904,64,
87,1083,1264,1.167128347,1300.023747,1.200391271,297593.167,0.22,1.783,1.526,15.11547483,0.294,0.17,0.109,0.078,0.062,0.051,0.047,0.042,0.04,0.04,0.037,0.031,0.064,0.339,0.216,0.14,0.102,0.139,0.80790248,65,
88,1265,1434,1.133596838,1643.031662,1.298839259,449129.417,0.25,1.793,1.578,15.44517178,0.295,0.175,0.117,0.085,0.066,0.053,0.043,0.037,0.034,0.032,0.033,0.03,0.053,0.372,0.225,0.13,0.091,0.13,0.830828176,66,
89,909,739,0.812981298,972.8469657,1.070238686,210320.25,0.31,1.84,1.495,14.61020125,0.302,0.141,0.087,0.064,0.051,0.043,0.039,0.037,0.033,0.038,0.064,0.101,0.08,0.295,0.178,0.099,0.082,0.267,0.777685701,67,
90,1218,1389,1.140394089,1466.25066,1.203818276,399317.917,0.24,1.814,1.564,15.56927494,0.264,0.136,0.096,0.07,0.06,0.056,0.058,0.058,0.055,0.057,0.05,0.043,0.052,0.282,0.196,0.151,0.131,0.188,0.767177505,68,
92,1220,1652,1.354098361,2363.348285,1.937170725,197754.917,0.1,1.663,1.468,15.34251583,0.402,0.189,0.126,0.096,0.064,0.04,0.024,0.015,0.014,0.012,0.009,0.007,0.082,0.438,0.261,0.127,0.052,0.04,0.724283084,69,
93,1221,1271,1.040950041,1405.564644,1.151158594,343890.333,0.22,1.787,1.551,15.20690949,0.321,0.179,0.114,0.085,0.063,0.048,0.037,0.034,0.03,0.025,0.027,0.038,0.063,0.352,0.214,0.143,0.097,0.131,0.823257024,70,
94,1230,972,0.790243902,1414.799472,1.150243473,597440.917,0.5,1.859,1.635,15.48531045,0.139,0.143,0.125,0.094,0.081,0.073,0.061,0.054,0.048,0.05,0.055,0.076,0.033,0.226,0.21,0.173,0.143,0.216,0.836773899,71,
95,1230,1348,1.095934959,1457.015831,1.184565716,549556.5,0.33,1.834,1.607,15.53358163,0.226,0.153,0.115,0.088,0.069,0.062,0.055,0.043,0.034,0.033,0.045,0.077,0.051,0.277,0.217,0.155,0.107,0.192,0.852870136,72,
96,1228,1159,0.943811075,1418.757256,1.155339785,407062.5,0.29,1.822,1.581,15.34158878,0.246,0.163,0.108,0.082,0.073,0.062,0.053,0.045,0.039,0.036,0.044,0.049,0.056,0.29,0.221,0.153,0.119,0.162,0.830103129,73,
97,1184,840,0.709459459,1259.126649,1.063451562,358468.25,0.36,1.829,1.565,15.10854479,0.229,0.184,0.146,0.105,0.082,0.069,0.058,0.043,0.03,0.026,0.017,0.012,0.061,0.321,0.219,0.152,0.117,0.129,0.823884408,74,
99,1226,1013,0.826264274,1276.277045,1.041009009,497793.5,0.4,1.868,1.609,15.3333046,0.187,0.121,0.096,0.083,0.076,0.07,0.066,0.061,0.059,0.058,0.054,0.068,0.04,0.252,0.205,0.143,0.109,0.25,0.809993447,75,
100,1231,1395,1.13322502,1495.274406,1.214682702,359574.25,0.21,1.767,1.553,15.63097104,0.299,0.161,0.115,0.09,0.076,0.061,0.05,0.044,0.035,0.025,0.019,0.027,0.073,0.345,0.227,0.152,0.102,0.1,0.741358101,76,
101,1220,1360,1.114754098,1521.659631,1.247261992,233386.083,0.14,1.742,1.49,14.83193599,0.375,0.176,0.106,0.08,0.068,0.059,0.045,0.031,0.021,0.012,0.011,0.017,0.063,0.421,0.23,0.146,0.074,0.066,0.823287779,77,
102,1232,1182,0.959415584,1301.343008,1.056284909,464093.167,0.32,1.821,1.594,15.39072499,0.257,0.162,0.113,0.081,0.061,0.048,0.039,0.034,0.033,0.038,0.055,0.078,0.059,0.317,0.201,0.129,0.094,0.201,0.860650666,78,
103,1223,1179,0.964022895,1352.794195,1.106127715,306176.583,0.21,1.778,1.533,15.11352105,0.329,0.175,0.113,0.078,0.058,0.049,0.041,0.037,0.035,0.031,0.025,0.028,0.064,0.35,0.216,0.141,0.102,0.128,0.852721783,79,
105,1134,1346,1.186948854,1391.05277,1.226677928,363942.583,0.24,1.841,1.55,15.48882691,0.289,0.14,0.085,0.062,0.046,0.037,0.032,0.033,0.036,0.049,0.072,0.121,0.062,0.278,0.169,0.107,0.093,0.292,0.803439803,80,
106,1221,1283,1.050778051,1511.105541,1.237596676,393883.083,0.25,1.829,1.571,15.24184527,0.272,0.154,0.107,0.08,0.064,0.051,0.044,0.04,0.039,0.037,0.042,0.071,0.053,0.295,0.201,0.136,0.103,0.212,0.810468017,81,
107,1227,913,0.74409128,1218.229551,0.99285212,432425.25,0.39,1.84,1.596,15.20211664,0.236,0.152,0.106,0.072,0.059,0.058,0.064,0.061,0.053,0.046,0.046,0.048,0.039,0.266,0.201,0.159,0.14,0.195,0.831585489,82,
108,1002,1360,1.357285429,1398.968338,1.396175986,320330.417,0.24,1.814,1.536,15.58181211,0.29,0.146,0.088,0.068,0.056,0.051,0.048,0.047,0.051,0.06,0.058,0.038,0.065,0.295,0.177,0.129,0.129,0.205,0.774850577,83,
109,1155,1554,1.345454545,1706.356201,1.477364676,337458.333,0.19,1.781,1.543,15.47237154,0.337,0.179,0.111,0.074,0.058,0.045,0.035,0.032,0.032,0.032,0.033,0.031,0.061,0.356,0.219,0.135,0.098,0.131,0.771607978,84,
110,1233,913,0.740470397,1313.216359,1.065057874,380784.25,0.34,1.823,1.576,15.21265474,0.266,0.152,0.101,0.077,0.064,0.059,0.053,0.048,0.039,0.037,0.043,0.061,0.054,0.295,0.212,0.156,0.108,0.175,0.856947135,85,
111,1190,1158,0.973109244,1238.01847,1.040351655,290110.167,0.21,1.8,1.532,14.94071696,0.338,0.162,0.101,0.072,0.056,0.048,0.041,0.042,0.044,0.04,0.025,0.031,0.056,0.353,0.193,0.136,0.111,0.15,0.856393855,86,
112,745,1081,1.451006711,1099.496042,1.475833614,192339.833,0.24,1.831,1.485,14.77863468,0.254,0.138,0.093,0.066,0.055,0.046,0.043,0.042,0.045,0.056,0.065,0.096,0.06,0.277,0.178,0.123,0.106,0.256,0.797757277,87,
114,1019,1154,1.132482826,1169.416887,1.147612254,250204.917,0.21,1.813,1.517,14.9846015,0.285,0.16,0.106,0.07,0.048,0.038,0.036,0.034,0.034,0.035,0.044,0.11,0.066,0.314,0.198,0.108,0.079,0.235,0.806939254,88,
115,854,1209,1.415690867,1195.802111,1.400236664,244068.333,0.24,1.823,1.509,14.84968079,0.286,0.158,0.1,0.068,0.049,0.039,0.031,0.028,0.027,0.03,0.052,0.131,0.076,0.298,0.196,0.106,0.069,0.256,0.837794036,89,
116,688,1060,1.540697674,1090.261214,1.584681997,209389.167,0.29,1.836,1.496,14.74642691,0.258,0.133,0.091,0.064,0.056,0.049,0.044,0.051,0.06,0.063,0.069,0.061,0.055,0.27,0.169,0.136,0.138,0.231,0.776801962,90,
117,1193,1148,0.962279966,1239.337731,1.03884135,294024.25,0.21,1.77,1.534,15.14749216,0.282,0.147,0.114,0.091,0.077,0.069,0.059,0.049,0.04,0.033,0.026,0.013,0.054,0.328,0.233,0.173,0.111,0.1,0.720722591,91,
119,660,971,1.471212121,1165.459103,1.765847126,133001,0.21,1.778,1.434,14.24782346,0.304,0.151,0.094,0.07,0.058,0.044,0.046,0.049,0.054,0.057,0.042,0.031,0.076,0.301,0.188,0.162,0.135,0.139,0.786843854,92,
120,989,1062,1.073811931,1131.158311,1.143739445,152523.833,0.15,1.73,1.452,14.45350499,0.342,0.18,0.116,0.079,0.057,0.044,0.038,0.037,0.035,0.03,0.022,0.02,0.085,0.368,0.22,0.134,0.096,0.097,0.85216619,93,
121,1175,1354,1.152340426,1546.725594,1.316362207,340271.5,0.21,1.753,1.542,15.58467141,0.318,0.182,0.114,0.085,0.07,0.056,0.043,0.036,0.029,0.022,0.019,0.025,0.062,0.373,0.246,0.15,0.085,0.084,0.733381818,94,
122,773,1051,1.359637775,1267.042216,1.639123178,160915.917,0.2,1.803,1.456,14.8474567,0.257,0.127,0.092,0.068,0.057,0.053,0.053,0.053,0.058,0.063,0.057,0.062,0.053,0.289,0.17,0.14,0.134,0.213,0.719750779,95,
128,1063,1625,1.52869238,1716.91029,1.615155494,312472.917,0.18,1.797,1.536,15.78054787,0.298,0.172,0.107,0.075,0.066,0.058,0.054,0.052,0.047,0.034,0.019,0.017,0.063,0.32,0.213,0.142,0.117,0.145,0.719319938,96,
129,915,668,0.730054645,772.3192612,0.844064766,183924.083,0.3,1.833,1.476,14.446194,0.278,0.15,0.093,0.067,0.051,0.045,0.042,0.037,0.038,0.042,0.06,0.099,0.068,0.277,0.172,0.122,0.097,0.263,0.723660445,97,
130,1228,1251,1.018729642,1342.240106,1.093029402,340297.417,0.22,1.819,1.542,15.50971245,0.274,0.149,0.102,0.075,0.059,0.05,0.047,0.045,0.046,0.05,0.047,0.055,0.057,0.3,0.194,0.148,0.116,0.184,0.775541532,98,
131,1020,1396,1.368627451,1442.503958,1.414219566,305239.083,0.21,1.803,1.528,15.6032685,0.301,0.163,0.102,0.075,0.057,0.048,0.045,0.049,0.048,0.046,0.038,0.03,0.066,0.306,0.191,0.149,0.125,0.162,0.814341434,99,
132,1101,1501,1.363306085,1533.532982,1.392854661,385112.667,0.23,1.803,1.559,15.51031865,0.316,0.166,0.093,0.069,0.056,0.047,0.042,0.039,0.039,0.044,0.048,0.041,0.067,0.336,0.186,0.126,0.11,0.174,0.762101437,100,
134,1221,1281,1.049140049,1375.221636,1.126307646,399851.833,0.26,1.815,1.564,15.36137459,0.298,0.161,0.099,0.07,0.052,0.044,0.037,0.035,0.035,0.04,0.05,0.08,0.064,0.315,0.197,0.127,0.092,0.205,0.811616428,101,
135,1217,1206,0.99096138,1307.939314,1.074724169,369142.25,0.25,1.783,1.563,15.56726721,0.282,0.183,0.126,0.087,0.066,0.051,0.038,0.033,0.032,0.036,0.039,0.027,0.056,0.346,0.229,0.149,0.1,0.12,0.776196369,102,
136,1058,1402,1.325141777,1620.604222,1.531762024,255155.083,0.17,1.731,1.503,15.47634517,0.353,0.173,0.113,0.083,0.07,0.062,0.049,0.035,0.021,0.013,0.011,0.016,0.072,0.372,0.235,0.157,0.088,0.076,0.753756394,103,
137,1065,1549,1.454460094,1645.670185,1.54523022,336083.417,0.2,1.772,1.541,15.54456414,0.327,0.183,0.107,0.072,0.054,0.045,0.042,0.047,0.048,0.034,0.025,0.016,0.058,0.365,0.215,0.149,0.101,0.113,0.766757174,104,
138,983,1091,1.109867752,1210.313984,1.231245152,169708.75,0.16,1.692,1.466,15.0350611,0.404,0.182,0.107,0.079,0.063,0.048,0.033,0.023,0.016,0.014,0.013,0.018,0.093,0.402,0.231,0.14,0.068,0.066,0.811371713,105,
139,1224,1604,1.310457516,1668.097625,1.362824857,350043.333,0.18,1.792,1.551,15.23228506,0.268,0.164,0.114,0.086,0.07,0.057,0.051,0.05,0.044,0.037,0.029,0.029,0.058,0.314,0.224,0.155,0.131,0.119,0.841508758,106,
140,1228,1162,0.946254072,1248.572559,1.016752899,420406.167,0.29,1.857,1.587,15.2904517,0.257,0.14,0.089,0.071,0.057,0.047,0.042,0.04,0.044,0.045,0.06,0.107,0.053,0.284,0.181,0.131,0.099,0.253,0.797464016,107,
141,1227,1504,1.225753871,1695.802111,1.38207181,563782.5,0.31,1.829,1.61,15.59187698,0.255,0.16,0.113,0.079,0.063,0.053,0.045,0.039,0.036,0.043,0.055,0.057,0.056,0.299,0.202,0.13,0.096,0.217,0.843722489,108,
142,1201,944,0.786011657,1447.781003,1.205479603,498105.75,0.44,1.865,1.612,15.25984886,0.207,0.139,0.094,0.072,0.057,0.049,0.047,0.046,0.052,0.059,0.072,0.106,0.035,0.252,0.181,0.137,0.122,0.273,0.823678036,109,
143,982,1462,1.488798371,1495.274406,1.522682695,315986.5,0.22,1.789,1.536,15.08514666,0.315,0.175,0.111,0.078,0.055,0.04,0.035,0.028,0.025,0.032,0.042,0.064,0.07,0.356,0.205,0.113,0.078,0.178,0.828957658,110,
144,1226,1068,0.871125612,1408.203166,1.148615959,234322.667,0.18,1.719,1.507,14.8191914,0.381,0.213,0.123,0.081,0.052,0.038,0.029,0.024,0.018,0.015,0.013,0.015,0.064,0.431,0.248,0.133,0.065,0.058,0.847258573,111,
145,773,1012,1.309184994,1016.382586,1.314854574,191535.167,0.24,1.806,1.485,14.5188721,0.246,0.173,0.116,0.082,0.059,0.046,0.034,0.03,0.033,0.037,0.055,0.089,0.064,0.303,0.208,0.126,0.08,0.22,0.839722406,112,
146,842,1064,1.263657957,1289.469657,1.531436647,209250.25,0.23,1.812,1.496,14.88126001,0.294,0.137,0.089,0.072,0.058,0.048,0.04,0.047,0.052,0.052,0.056,0.054,0.065,0.295,0.185,0.147,0.121,0.188,0.744231851,113,
147,960,1105,1.151041667,1136.435356,1.183786829,295430.083,0.28,1.835,1.543,14.97406794,0.253,0.153,0.096,0.071,0.055,0.047,0.041,0.039,0.039,0.045,0.058,0.104,0.055,0.276,0.187,0.126,0.094,0.262,0.789452167,114,
148,1224,1180,0.964052288,1236.699208,1.01037517,352241.667,0.24,1.825,1.551,15.14853887,0.255,0.15,0.092,0.068,0.054,0.05,0.046,0.047,0.051,0.056,0.067,0.063,0.053,0.284,0.185,0.131,0.119,0.229,0.762554612,115,
149,945,1280,1.354497354,1277.596306,1.351953763,148362,0.12,1.72,1.439,14.54148942,0.382,0.16,0.091,0.075,0.072,0.063,0.046,0.033,0.026,0.019,0.013,0.019,0.091,0.379,0.197,0.147,0.098,0.087,0.82988591,116,
150,809,1133,1.400494438,1230.102902,1.520522747,204907.75,0.22,1.788,1.493,14.83670869,0.283,0.144,0.104,0.079,0.066,0.057,0.049,0.041,0.045,0.043,0.043,0.046,0.063,0.314,0.213,0.148,0.103,0.159,0.806848472,117,
152,905,1077,1.190055249,1178.651715,1.302377586,227663.167,0.23,1.829,1.505,14.9106118,0.303,0.151,0.078,0.048,0.037,0.031,0.034,0.043,0.058,0.072,0.068,0.077,0.056,0.267,0.158,0.112,0.128,0.279,0.752941176,118,
153,988,1417,1.434210526,1513.744063,1.532129619,125618.25,0.09,1.68,1.414,14.35044809,0.415,0.166,0.103,0.08,0.067,0.056,0.04,0.027,0.017,0.011,0.007,0.011,0.08,0.426,0.235,0.153,0.066,0.042,0.818063888,119,
159,935,1158,1.238502674,1243.295515,1.329727823,197693.333,0.18,1.829,1.481,14.89451662,0.344,0.144,0.072,0.048,0.037,0.034,0.032,0.034,0.037,0.044,0.061,0.115,0.065,0.337,0.145,0.093,0.094,0.266,0.719597712,120,
160,803,1010,1.257783313,1036.171504,1.290375472,175429.917,0.22,1.794,1.473,14.50214151,0.272,0.15,0.095,0.078,0.062,0.049,0.047,0.052,0.06,0.062,0.05,0.024,0.064,0.287,0.199,0.156,0.13,0.163,0.852852853,121,
161,787,903,1.147395172,966.2506596,1.227764498,215932.833,0.3,1.835,1.502,14.69203419,0.247,0.138,0.092,0.069,0.056,0.05,0.045,0.045,0.043,0.045,0.064,0.105,0.051,0.267,0.189,0.133,0.106,0.254,0.785546613,122,
162,1199,1435,1.196830692,1414.799472,1.179982879,355843.5,0.21,1.766,1.547,15.29127756,0.294,0.172,0.117,0.082,0.065,0.055,0.05,0.045,0.042,0.036,0.023,0.019,0.061,0.349,0.211,0.151,0.115,0.113,0.79182442,123,
163,945,1259,1.332275132,1292.108179,1.367310243,277142.083,0.23,1.821,1.519,15.13609298,0.268,0.14,0.094,0.071,0.059,0.053,0.045,0.043,0.045,0.05,0.057,0.076,0.061,0.281,0.182,0.136,0.109,0.231,0.736772258,124,
164,906,1234,1.362030905,1302.662269,1.437817074,217102.083,0.19,1.827,1.481,15.15127434,0.318,0.139,0.077,0.053,0.046,0.04,0.035,0.035,0.038,0.044,0.056,0.117,0.069,0.292,0.162,0.109,0.097,0.272,0.71408355,125,
165,867,1034,1.192618224,1057.279683,1.21946907,183481.75,0.2,1.783,1.476,14.91023407,0.345,0.15,0.082,0.056,0.052,0.061,0.063,0.063,0.05,0.035,0.026,0.019,0.055,0.321,0.188,0.174,0.142,0.12,0.711922812,126,
167,1156,1088,0.941176471,1220.868074,1.056114251,334600.75,0.27,1.839,1.56,14.98603981,0.254,0.143,0.091,0.06,0.047,0.042,0.042,0.039,0.044,0.056,0.088,0.095,0.063,0.275,0.162,0.119,0.105,0.275,0.794859921,127,
168,860,1027,1.194186047,1084.984169,1.261609499,193050.667,0.22,1.806,1.484,14.66087494,0.275,0.137,0.095,0.076,0.067,0.06,0.052,0.051,0.047,0.047,0.049,0.043,0.059,0.292,0.186,0.137,0.126,0.199,0.756953073,128,
169,688,850,1.235465116,869.944591,1.264454347,108372.417,0.19,1.769,1.403,14.38864052,0.272,0.152,0.096,0.076,0.07,0.061,0.051,0.05,0.055,0.051,0.038,0.028,0.067,0.288,0.212,0.156,0.143,0.133,0.754936121,129,
170,702,983,1.4002849,1033.532982,1.472269204,143305.417,0.21,1.791,1.442,14.63844828,0.309,0.144,0.084,0.061,0.055,0.051,0.043,0.045,0.053,0.047,0.045,0.063,0.071,0.289,0.172,0.142,0.129,0.198,0.729547808,130,
171,1225,1325,1.081632653,1509.78628,1.232478596,268688.167,0.17,1.738,1.507,15.26454581,0.356,0.17,0.11,0.082,0.069,0.06,0.056,0.041,0.022,0.012,0.007,0.014,0.063,0.4,0.23,0.153,0.085,0.069,0.798038775,131,
172,951,1188,1.249211356,1222.187335,1.285160184,177068.583,0.16,1.738,1.467,14.74409034,0.356,0.177,0.11,0.073,0.048,0.036,0.033,0.035,0.039,0.034,0.029,0.031,0.088,0.367,0.222,0.12,0.084,0.119,0.833407015,132,
173,1226,1247,1.017128874,1545.406332,1.260527188,324840.5,0.21,1.763,1.537,15.22253618,0.31,0.161,0.11,0.092,0.074,0.061,0.052,0.044,0.038,0.027,0.018,0.014,0.054,0.346,0.253,0.167,0.103,0.077,0.768702979,133,
174,1088,1114,1.023897059,1206.356201,1.108783273,305597.583,0.25,1.837,1.544,15.09457857,0.282,0.138,0.083,0.06,0.05,0.043,0.044,0.045,0.045,0.049,0.076,0.085,0.057,0.298,0.161,0.114,0.115,0.255,0.758837662,134,
175,927,1104,1.190938511,1131.158311,1.220235503,314680.083,0.31,1.846,1.552,14.93871467,0.247,0.134,0.089,0.066,0.061,0.049,0.041,0.036,0.04,0.051,0.072,0.115,0.053,0.275,0.174,0.125,0.107,0.266,0.797709521,135,
176,884,903,1.021493213,1017.701847,1.151246433,269187.417,0.34,1.851,1.529,14.6653162,0.234,0.129,0.09,0.072,0.059,0.049,0.04,0.04,0.043,0.048,0.076,0.12,0.049,0.259,0.176,0.127,0.099,0.291,0.818642412,136,
177,789,1275,1.615969582,1265.722955,1.604211603,146623.417,0.15,1.717,1.432,14.70494757,0.352,0.168,0.112,0.088,0.081,0.065,0.047,0.03,0.019,0.012,0.011,0.014,0.085,0.383,0.221,0.135,0.097,0.079,0.825132658,137,
178,1035,1100,1.062801932,1255.168865,1.212723541,287506.917,0.25,1.815,1.535,15.03590592,0.308,0.153,0.099,0.066,0.049,0.042,0.038,0.034,0.031,0.041,0.065,0.073,0.061,0.327,0.178,0.12,0.091,0.222,0.76451334,138,
179,924,1287,1.392857143,1416.118734,1.532596032,343785.917,0.29,1.83,1.547,15.31548144,0.255,0.128,0.092,0.072,0.062,0.051,0.048,0.043,0.044,0.047,0.063,0.095,0.053,0.271,0.173,0.141,0.109,0.252,0.809370529,139,
180,919,1567,1.705114255,1588.941953,1.728990155,272760.75,0.19,1.775,1.516,15.61696616,0.303,0.17,0.111,0.085,0.063,0.055,0.044,0.039,0.038,0.034,0.031,0.029,0.069,0.335,0.222,0.151,0.105,0.117,0.716189378,140,
181,995,1298,1.304522613,1405.564644,1.412627783,206503.167,0.16,1.73,1.48,15.20655906,0.328,0.18,0.12,0.086,0.064,0.054,0.044,0.034,0.025,0.021,0.023,0.022,0.082,0.375,0.242,0.15,0.075,0.076,0.78200064,141,
182,1022,1370,1.340508806,1617.965699,1.583136692,210129.917,0.15,1.719,1.477,15.33058664,0.369,0.177,0.115,0.082,0.064,0.052,0.039,0.031,0.023,0.017,0.014,0.017,0.071,0.374,0.254,0.157,0.076,0.068,0.735489815,142,
183,957,1843,1.925809822,2042.76781,2.134553615,291405.75,0.17,1.791,1.521,15.78534109,0.343,0.159,0.096,0.072,0.065,0.066,0.057,0.043,0.029,0.021,0.016,0.032,0.084,0.37,0.19,0.104,0.09,0.161,0.69581749,143,
184,1000,1237,1.237,1300.023747,1.300023747,214747.583,0.17,1.774,1.49,15.17666406,0.33,0.152,0.087,0.066,0.057,0.053,0.056,0.057,0.051,0.039,0.023,0.03,0.069,0.308,0.201,0.156,0.133,0.133,0.775331412,144,
185,1171,1379,1.177625961,1565.195251,1.336631299,166533.667,0.1,1.696,1.445,14.79312274,0.434,0.19,0.097,0.065,0.046,0.036,0.03,0.025,0.022,0.018,0.015,0.021,0.086,0.419,0.227,0.121,0.075,0.071,0.834306297,145,
186,794,1056,1.329974811,1284.192612,1.617371048,116401.75,0.14,1.678,1.416,14.3512198,0.446,0.209,0.111,0.073,0.049,0.034,0.024,0.019,0.012,0.007,0.007,0.008,0.068,0.517,0.223,0.11,0.052,0.029,0.841060866,146,
188,1222,1181,0.966448445,1253.849604,1.026063506,365449.917,0.25,1.819,1.562,15.15740526,0.28,0.141,0.103,0.082,0.064,0.051,0.045,0.042,0.039,0.039,0.047,0.067,0.057,0.297,0.197,0.144,0.108,0.197,0.832050871,147,
190,1191,1443,1.211586902,1516.382586,1.273201164,358031.667,0.21,1.783,1.551,15.56705682,0.293,0.162,0.101,0.073,0.059,0.053,0.053,0.052,0.05,0.042,0.033,0.029,0.063,0.329,0.197,0.164,0.119,0.127,0.77581279,148,
191,1225,1543,1.259591837,1619.28496,1.321865274,557129.75,0.29,1.826,1.608,15.60909496,0.242,0.167,0.113,0.084,0.067,0.057,0.046,0.038,0.036,0.043,0.057,0.05,0.048,0.313,0.203,0.138,0.106,0.192,0.786763519,149,
194,1153,1351,1.171725932,1430.630607,1.240789772,330727.25,0.21,1.786,1.541,15.54912087,0.297,0.163,0.109,0.077,0.062,0.055,0.044,0.043,0.041,0.04,0.035,0.035,0.074,0.326,0.216,0.144,0.109,0.132,0.773936699,150,
195,1223,855,0.699100572,1240.656992,1.014437442,386235.833,0.37,1.841,1.579,15.13930793,0.219,0.132,0.098,0.08,0.07,0.063,0.058,0.053,0.051,0.054,0.06,0.063,0.047,0.257,0.187,0.162,0.131,0.216,0.825271928,151,
196,1228,1270,1.034201954,1379.17942,1.123110276,326089.833,0.21,1.763,1.541,15.15930802,0.326,0.177,0.106,0.083,0.067,0.058,0.051,0.039,0.029,0.021,0.02,0.022,0.06,0.373,0.227,0.152,0.098,0.09,0.847458453,152,
197,1030,1198,1.163106796,1687.886544,1.6387248,164988.25,0.13,1.74,1.444,15.17297643,0.34,0.16,0.111,0.093,0.073,0.054,0.05,0.041,0.029,0.022,0.013,0.014,0.08,0.342,0.239,0.162,0.089,0.088,0.752378121,153,
198,953,1273,1.335781742,1431.949868,1.502570691,227657.417,0.19,1.798,1.49,15.27567322,0.318,0.165,0.093,0.059,0.04,0.033,0.034,0.044,0.056,0.065,0.055,0.039,0.075,0.313,0.178,0.111,0.123,0.201,0.779473726,154,
199,1225,1140,0.930612245,1347.51715,1.100014,518345.583,0.37,1.85,1.617,15.3528591,0.21,0.146,0.103,0.079,0.062,0.053,0.05,0.051,0.053,0.056,0.06,0.077,0.039,0.257,0.205,0.147,0.13,0.222,0.83945534,155,
200,1008,1317,1.306547619,1470.208443,1.458540122,311741.333,0.23,1.823,1.531,15.46806016,0.307,0.141,0.083,0.063,0.053,0.046,0.042,0.042,0.051,0.059,0.052,0.059,0.065,0.292,0.179,0.129,0.124,0.212,0.744840764,156,
201,1188,1314,1.106060606,1427.992084,1.202013539,286993.583,0.18,1.794,1.521,15.42098243,0.289,0.157,0.106,0.081,0.066,0.055,0.049,0.048,0.051,0.042,0.029,0.027,0.066,0.291,0.192,0.167,0.136,0.148,0.766078281,157,
202,1011,1374,1.359050445,1459.654354,1.443772852,228891.25,0.16,1.768,1.493,15.37481305,0.355,0.163,0.094,0.068,0.05,0.04,0.039,0.043,0.046,0.042,0.034,0.027,0.083,0.364,0.189,0.128,0.104,0.131,0.784016365,158,
C126,1247,1296,1.039294306,1468.889182,1.177938398,414373.917,0.26,1.832,1.569,15.30070471,0.281,0.16,0.102,0.071,0.055,0.042,0.038,0.035,0.034,0.042,0.061,0.081,0.061,0.303,0.182,0.116,0.101,0.236,0.839271513,159,
W001,1166,1140,0.977701544,1268.361478,1.087788574,311273.833,0.23,1.78,1.542,15.34497514,0.294,0.173,0.112,0.086,0.071,0.063,0.052,0.04,0.028,0.022,0.022,0.036,0.054,0.344,0.213,0.171,0.104,0.114,0.782831564,160,
W002,964,1285,1.332987552,1329.047493,1.378679972,218428.333,0.18,1.778,1.478,14.82657187,0.325,0.151,0.101,0.075,0.062,0.048,0.036,0.03,0.035,0.045,0.048,0.045,0.066,0.327,0.179,0.141,0.108,0.179,0.828042155,161,
W003,905,1069,1.18121547,1311.897098,1.449610053,129048.583,0.13,1.674,1.426,14.42099615,0.431,0.214,0.129,0.078,0.054,0.038,0.023,0.011,0.006,0.008,0.002,0.005,0.085,0.512,0.245,0.106,0.034,0.019,0.823095333,162,
W004,723,1178,1.629322268,1393.691293,1.927650474,164641.167,0.19,1.722,1.459,14.5873272,0.329,0.193,0.138,0.089,0.065,0.049,0.038,0.029,0.023,0.018,0.014,0.016,0.079,0.401,0.242,0.135,0.073,0.07,0.809159159,163,
W005,995,1404,1.411055276,1457.015831,1.464337519,236442,0.17,1.765,1.495,15.02609858,0.299,0.156,0.105,0.082,0.074,0.062,0.054,0.045,0.04,0.033,0.027,0.023,0.064,0.339,0.209,0.156,0.112,0.12,0.814824655,164,
W006,1226,1554,1.267536705,1986.039578,1.619934403,260719.667,0.14,1.744,1.504,15.05206986,0.38,0.19,0.107,0.065,0.047,0.04,0.039,0.038,0.036,0.025,0.018,0.016,0.072,0.398,0.217,0.13,0.095,0.087,0.808624201,165,
W008,928,1316,1.418103448,1426.672823,1.537362956,224695.583,0.18,1.767,1.49,14.85764411,0.351,0.147,0.086,0.064,0.052,0.049,0.053,0.058,0.052,0.04,0.027,0.021,0.067,0.339,0.197,0.156,0.121,0.12,0.827024759,166,
W010,1222,1312,1.073649755,1759.126649,1.439547176,328789.667,0.21,1.735,1.537,15.17985996,0.316,0.202,0.129,0.09,0.067,0.053,0.043,0.032,0.025,0.02,0.015,0.01,0.066,0.395,0.248,0.148,0.079,0.064,0.831060493,167,
W011,1181,1122,0.950042337,1367.306069,1.15775281,254815.167,0.19,1.727,1.523,14.96707584,0.331,0.198,0.13,0.09,0.068,0.054,0.042,0.028,0.018,0.012,0.012,0.019,0.079,0.383,0.24,0.145,0.081,0.072,0.841177342,168,
W013,836,1390,1.662679426,1464.931398,1.752310285,191967.167,0.17,1.745,1.469,14.76872048,0.321,0.166,0.104,0.077,0.065,0.06,0.05,0.045,0.034,0.024,0.022,0.031,0.084,0.345,0.214,0.145,0.098,0.114,0.838081192,169,
W014,1182,1323,1.11928934,1387.094987,1.173515217,386513.333,0.25,1.827,1.56,15.54539575,0.284,0.134,0.083,0.061,0.052,0.048,0.046,0.045,0.054,0.062,0.066,0.066,0.064,0.268,0.174,0.134,0.13,0.229,0.788011764,170,
W015,1164,1487,1.277491409,1536.171504,1.319734969,340276.25,0.2,1.806,1.541,15.50377729,0.291,0.141,0.092,0.073,0.063,0.059,0.055,0.054,0.052,0.049,0.037,0.035,0.061,0.307,0.193,0.156,0.128,0.154,0.788841658,171,
W019,1074,1137,1.058659218,1272.319261,1.184654806,205024.667,0.17,1.744,1.492,14.94316949,0.357,0.183,0.11,0.078,0.06,0.043,0.032,0.028,0.025,0.025,0.025,0.033,0.083,0.353,0.232,0.135,0.084,0.114,0.824175824,172,
W022,1225,1313,1.071836735,1396.329815,1.139861074,248337.5,0.15,1.735,1.502,14.9069776,0.355,0.19,0.102,0.069,0.059,0.055,0.052,0.042,0.028,0.016,0.012,0.019,0.059,0.403,0.223,0.156,0.093,0.067,0.821895297,173,
W023,1223,1191,0.973834832,1252.530343,1.024145824,357784,0.25,1.802,1.562,15.23915889,0.292,0.152,0.107,0.086,0.07,0.055,0.045,0.038,0.032,0.032,0.038,0.052,0.067,0.328,0.213,0.141,0.092,0.16,0.799824847,174,
W024,1014,1095,1.079881657,1392.372032,1.37314796,122165.583,0.11,1.653,1.424,14.44596409,0.456,0.189,0.118,0.081,0.048,0.032,0.023,0.018,0.012,0.008,0.006,0.009,0.103,0.5,0.227,0.093,0.043,0.034,0.838190184,175,
W025,1112,1514,1.361510791,1603.453826,1.441954879,403019.167,0.24,1.797,1.571,15.69404141,0.254,0.161,0.113,0.089,0.07,0.055,0.044,0.039,0.041,0.045,0.042,0.048,0.058,0.303,0.223,0.15,0.106,0.161,0.796236388,176,
W026,1170,1443,1.233333333,1555.960422,1.329880703,240179.167,0.14,1.718,1.496,15.31621622,0.335,0.185,0.108,0.091,0.083,0.068,0.049,0.032,0.023,0.012,0.007,0.008,0.07,0.367,0.262,0.175,0.083,0.043,0.749255952,177,
W027,1223,1449,1.184791496,1520.340369,1.243123769,288690.333,0.16,1.75,1.518,15.43653057,0.344,0.149,0.1,0.079,0.071,0.061,0.056,0.046,0.036,0.024,0.018,0.017,0.063,0.368,0.212,0.171,0.107,0.08,0.788245901,178,
W028,1229,1204,0.979658259,1277.596306,1.039541339,300039.583,0.2,1.794,1.533,15.1690679,0.359,0.16,0.099,0.065,0.045,0.041,0.036,0.035,0.036,0.036,0.039,0.049,0.07,0.338,0.2,0.12,0.087,0.186,0.821378505,179,
W030,1078,1250,1.159554731,1412.16095,1.309982328,319956.583,0.24,1.807,1.544,15.43960944,0.285,0.153,0.099,0.074,0.058,0.053,0.048,0.051,0.052,0.05,0.042,0.036,0.071,0.276,0.193,0.153,0.145,0.161,0.766737981,180,
W032,750,1486,1.981333333,1748.572559,2.331430079,217118.75,0.19,1.781,1.485,15.50815523,0.34,0.14,0.089,0.071,0.066,0.058,0.051,0.052,0.045,0.035,0.026,0.027,0.084,0.31,0.198,0.159,0.117,0.132,0.759488708,181,
W034,1214,1397,1.150741351,1457.015831,1.200177785,423417.833,0.25,1.84,1.571,15.66373986,0.264,0.144,0.093,0.071,0.053,0.045,0.043,0.045,0.046,0.044,0.059,0.093,0.051,0.273,0.177,0.126,0.111,0.262,0.738050484,182,
W037,1156,1190,1.029411765,1383.137203,1.19648547,477033.25,0.35,1.856,1.595,15.39307829,0.222,0.134,0.099,0.083,0.068,0.057,0.049,0.044,0.037,0.036,0.057,0.114,0.048,0.239,0.187,0.141,0.11,0.275,0.822564134,183,
W038,1228,1229,1.000814332,1278.915567,1.041462188,427588.167,0.28,1.845,1.581,15.26342109,0.277,0.151,0.094,0.071,0.057,0.046,0.039,0.034,0.035,0.041,0.063,0.093,0.057,0.288,0.174,0.122,0.098,0.262,0.821273758,184,
W039,827,1138,1.376058041,1302.662269,1.575165984,204935.333,0.22,1.798,1.493,15.13938169,0.287,0.136,0.089,0.064,0.054,0.054,0.061,0.066,0.071,0.062,0.036,0.019,0.065,0.285,0.182,0.151,0.163,0.155,0.737686038,185,
W040,808,920,1.138613861,970.2084433,1.200753024,225853.5,0.3,1.863,1.506,14.77667659,0.223,0.118,0.074,0.059,0.05,0.045,0.046,0.047,0.052,0.064,0.081,0.14,0.054,0.221,0.16,0.132,0.111,0.323,0.795643092,186,
W043,864,896,1.037037037,1055.960422,1.222176415,271408.75,0.35,1.849,1.531,14.72340121,0.249,0.136,0.097,0.072,0.059,0.052,0.046,0.038,0.035,0.044,0.068,0.104,0.048,0.283,0.184,0.129,0.1,0.256,0.805645009,187,
W044,979,1001,1.02247191,1078.387863,1.101519778,328698.917,0.34,1.86,1.556,14.92432163,0.214,0.132,0.091,0.068,0.058,0.053,0.054,0.057,0.054,0.051,0.063,0.106,0.046,0.245,0.166,0.127,0.109,0.306,0.811688839,188,
W048,1214,1416,1.166392092,1661.501319,1.368617232,211310.917,0.12,1.71,1.475,15.02416524,0.408,0.183,0.1,0.068,0.055,0.049,0.043,0.036,0.025,0.017,0.01,0.008,0.073,0.428,0.224,0.148,0.077,0.05,0.759224789,189,
W054,999,1442,1.443443443,1507.147757,1.508656414,308203.667,0.21,1.785,1.531,15.49465382,0.296,0.162,0.111,0.083,0.069,0.058,0.049,0.043,0.037,0.035,0.029,0.028,0.069,0.315,0.213,0.149,0.108,0.145,0.776378695,190,
W055,891,811,0.910213244,1145.670185,1.285825123,167497.083,0.23,1.779,1.457,14.34405237,0.4,0.258,0.143,0.078,0.047,0.035,0.018,0.009,0.004,0.002,0.001,0.003,0.058,0.408,0.256,0.14,0.085,0.053,0.841894504,191,
W056,909,917,1.00880088,1025.617414,1.128291985,232427.25,0.28,1.834,1.51,14.82370957,0.267,0.15,0.089,0.066,0.054,0.042,0.038,0.033,0.034,0.043,0.064,0.119,0.069,0.286,0.174,0.116,0.091,0.264,0.784990008,192,
W057,1334,1567,1.174662669,1664.139842,1.247481141,429143.583,0.21,1.763,1.571,15.51616084,0.289,0.169,0.127,0.091,0.067,0.054,0.048,0.041,0.034,0.03,0.024,0.026,0.06,0.349,0.236,0.157,0.099,0.099,0.778884853,193,
W058,923,1279,1.385698808,1439.865435,1.55998422,141271.917,0.12,1.736,1.437,14.98537423,0.354,0.174,0.118,0.098,0.078,0.057,0.042,0.025,0.017,0.014,0.012,0.013,0.094,0.403,0.24,0.153,0.064,0.045,0.697044335,194,
W059,878,1344,1.530751708,1373.902375,1.564809083,302959.75,0.26,1.818,1.53,15.23232519,0.29,0.148,0.098,0.074,0.055,0.042,0.038,0.039,0.039,0.044,0.058,0.076,0.071,0.294,0.181,0.131,0.099,0.224,0.788444345,195,
W060,1018,1330,1.306483301,1410.841689,1.385895568,186767.833,0.14,1.737,1.459,14.63999425,0.401,0.151,0.083,0.058,0.051,0.046,0.045,0.049,0.042,0.031,0.021,0.02,0.088,0.359,0.195,0.153,0.109,0.096,0.826090054,196,
W061,1092,1282,1.173992674,1314.53562,1.203787198,261686.5,0.19,1.798,1.507,15.23733916,0.312,0.157,0.11,0.073,0.051,0.036,0.032,0.033,0.036,0.045,0.052,0.064,0.074,0.336,0.191,0.1,0.091,0.207,0.832753923,197,
W063,899,1228,1.36596218,1273.638522,1.416728056,253648.583,0.23,1.803,1.505,15.18645517,0.294,0.17,0.104,0.074,0.056,0.048,0.04,0.032,0.036,0.043,0.049,0.053,0.063,0.326,0.197,0.125,0.101,0.187,0.75920484,198,
W065,1068,1376,1.288389513,1458.335092,1.365482296,328838.083,0.22,1.815,1.536,15.34729142,0.274,0.148,0.098,0.071,0.061,0.052,0.047,0.046,0.05,0.056,0.054,0.044,0.056,0.299,0.176,0.125,0.132,0.212,0.771373023,199,
W066,913,1192,1.30558598,1249.891821,1.368994327,274693.917,0.25,1.83,1.518,14.8848985,0.293,0.15,0.085,0.059,0.047,0.04,0.036,0.036,0.035,0.047,0.076,0.096,0.068,0.294,0.174,0.118,0.089,0.256,0.826178815,200,
W068,1223,1409,1.152085037,1499.23219,1.225864424,376542.25,0.22,1.802,1.555,15.50429809,0.305,0.167,0.106,0.072,0.055,0.045,0.039,0.037,0.037,0.04,0.042,0.055,0.064,0.329,0.196,0.131,0.096,0.184,0.804220677,201,
W070,985,1352,1.372588832,1393.691293,1.414915018,227776.083,0.17,1.781,1.488,15.3699723,0.329,0.16,0.106,0.08,0.056,0.044,0.039,0.044,0.047,0.037,0.03,0.029,0.076,0.335,0.225,0.146,0.104,0.115,0.79161311,202,
W072,857,1137,1.32672112,1203.717678,1.404571386,215492.75,0.22,1.827,1.501,14.67709748,0.273,0.143,0.097,0.069,0.056,0.051,0.044,0.041,0.043,0.042,0.052,0.089,0.063,0.286,0.191,0.13,0.092,0.238,0.803744623,203,
W073,850,958,1.127058824,1025.617414,1.206608723,209042.917,0.26,1.849,1.498,15.008921,0.234,0.12,0.092,0.071,0.054,0.044,0.041,0.037,0.035,0.042,0.056,0.175,0.065,0.244,0.171,0.11,0.091,0.32,0.749919829,204,
W074,1231,1109,0.900893582,1352.794195,1.098939233,609413.75,0.45,1.849,1.637,15.52792453,0.182,0.134,0.105,0.09,0.077,0.069,0.061,0.054,0.05,0.048,0.061,0.071,0.044,0.283,0.209,0.144,0.112,0.207,0.810579449,205,
W075,1225,1362,1.111836735,1414.799472,1.154938345,359086.333,0.22,1.762,1.551,15.4407888,0.312,0.177,0.105,0.075,0.061,0.055,0.051,0.048,0.04,0.032,0.026,0.019,0.061,0.347,0.226,0.163,0.11,0.093,0.789129152,206,
W076,1113,1427,1.282120395,1464.931398,1.316200717,331164.833,0.21,1.812,1.538,15.4552956,0.311,0.141,0.09,0.069,0.052,0.043,0.039,0.038,0.048,0.059,0.059,0.052,0.065,0.304,0.179,0.128,0.109,0.214,0.752936349,207,
W077,1156,1304,1.128027682,1317.174142,1.139423999,317611.25,0.21,1.844,1.534,15.55701558,0.287,0.12,0.072,0.058,0.054,0.05,0.048,0.047,0.044,0.05,0.069,0.101,0.071,0.26,0.157,0.115,0.111,0.286,0.763188918,208,
W078,773,930,1.203104787,1020.340369,1.319974605,193967.5,0.27,1.84,1.484,14.55945105,0.261,0.134,0.095,0.075,0.057,0.046,0.039,0.037,0.042,0.045,0.069,0.1,0.055,0.271,0.195,0.124,0.088,0.267,0.812572669,209,
W079,992,1219,1.228830645,1276.277045,1.286569602,200007.75,0.17,1.782,1.472,15.10246994,0.319,0.15,0.098,0.072,0.056,0.048,0.047,0.042,0.04,0.039,0.036,0.053,0.084,0.306,0.175,0.139,0.117,0.18,0.748877883,210,
W080,797,1318,1.65370138,1333.005277,1.672528578,233367.917,0.22,1.812,1.497,15.42713069,0.281,0.149,0.099,0.069,0.058,0.055,0.051,0.047,0.042,0.043,0.046,0.06,0.067,0.308,0.185,0.134,0.113,0.194,0.716345104,211,
W083,858,1248,1.454545455,1289.469657,1.502878388,284742.667,0.27,1.838,1.519,14.94279847,0.269,0.129,0.084,0.066,0.055,0.044,0.044,0.038,0.038,0.047,0.076,0.11,0.054,0.266,0.174,0.121,0.108,0.277,0.79345973,212,
W084,961,1178,1.225806452,1248.572559,1.299243038,313161.083,0.28,1.826,1.546,15.16861837,0.272,0.144,0.1,0.076,0.06,0.047,0.038,0.035,0.034,0.038,0.058,0.097,0.06,0.308,0.185,0.127,0.085,0.235,0.776746345,213,
W085,741,1103,1.488529015,1117.965699,1.50872564,144830,0.18,1.78,1.445,14.75750874,0.329,0.147,0.081,0.067,0.056,0.052,0.052,0.061,0.056,0.041,0.031,0.027,0.07,0.296,0.204,0.164,0.118,0.148,0.754672018,214,
W086,932,984,1.055793991,1049.364116,1.125927163,160933.333,0.18,1.795,1.458,14.68840915,0.308,0.148,0.092,0.058,0.048,0.041,0.044,0.047,0.049,0.059,0.056,0.051,0.065,0.313,0.167,0.129,0.12,0.206,0.774750028,215,
W087,802,1003,1.250623441,1103.453826,1.375877588,175205.167,0.22,1.81,1.47,14.46526513,0.298,0.144,0.094,0.073,0.064,0.054,0.048,0.042,0.039,0.039,0.048,0.059,0.077,0.318,0.175,0.117,0.091,0.222,0.818871046,216,
W089,963,1300,1.349948079,1431.949868,1.486967672,257385.5,0.21,1.808,1.513,15.44075687,0.279,0.133,0.091,0.067,0.055,0.057,0.057,0.056,0.059,0.057,0.05,0.04,0.081,0.287,0.179,0.148,0.132,0.173,0.713789027,217,
W090,879,1304,1.483503982,1373.902375,1.563028868,210353.75,0.18,1.791,1.481,15.30217587,0.33,0.141,0.088,0.064,0.057,0.055,0.053,0.051,0.052,0.046,0.034,0.029,0.086,0.292,0.183,0.155,0.125,0.159,0.795143285,218,
W091,1224,1304,1.065359477,1674.693931,1.368213996,366482.75,0.23,1.763,1.554,15.49484674,0.321,0.192,0.123,0.085,0.067,0.049,0.038,0.032,0.03,0.023,0.018,0.021,0.064,0.357,0.218,0.146,0.106,0.109,0.794909268,219,
W092,1234,1431,1.159643436,1472.846966,1.193555078,495241.667,0.28,1.829,1.593,15.82267723,0.232,0.165,0.113,0.086,0.07,0.059,0.052,0.052,0.053,0.05,0.038,0.031,0.045,0.293,0.204,0.149,0.126,0.184,0.749536328,220,
W093,849,1222,1.4393404,1491.316623,1.756556682,204918.75,0.2,1.78,1.485,15.29962947,0.3,0.158,0.108,0.079,0.069,0.067,0.056,0.048,0.037,0.029,0.023,0.026,0.084,0.329,0.215,0.164,0.114,0.094,0.743412484,221,
W094,1019,1600,1.57016683,1644.350923,1.613690798,295294.25,0.18,1.809,1.523,15.39883426,0.332,0.142,0.079,0.054,0.041,0.038,0.037,0.039,0.047,0.066,0.078,0.046,0.074,0.326,0.151,0.106,0.119,0.224,0.779679662,222,
W095,1073,1474,1.373718546,1508.467018,1.405840651,355921.333,0.23,1.809,1.55,15.49736668,0.29,0.161,0.101,0.077,0.06,0.046,0.042,0.041,0.046,0.049,0.044,0.044,0.065,0.316,0.195,0.142,0.111,0.171,0.756192959,223,
W096,1195,1617,1.353138075,1668.097625,1.395897594,314495.75,0.16,1.81,1.534,15.43567393,0.3,0.138,0.085,0.063,0.05,0.045,0.045,0.048,0.056,0.067,0.065,0.037,0.075,0.295,0.168,0.128,0.132,0.201,0.77062412,224,
W097,1215,1343,1.105349794,1500.551451,1.235021771,365394.583,0.22,1.825,1.553,15.53007301,0.293,0.147,0.099,0.067,0.054,0.049,0.042,0.039,0.039,0.043,0.055,0.075,0.055,0.321,0.182,0.122,0.098,0.222,0.750589042,225,
W098,1228,1227,0.999185668,1377.860158,1.12203596,545623.167,0.36,1.855,1.615,15.56339851,0.199,0.13,0.102,0.084,0.071,0.062,0.057,0.053,0.048,0.046,0.058,0.09,0.051,0.24,0.178,0.144,0.119,0.267,0.787384899,226,
W099,1205,761,0.63153527,1480.762533,1.228848575,336857.667,0.37,1.809,1.557,15.12735071,0.241,0.194,0.136,0.101,0.074,0.059,0.048,0.039,0.031,0.025,0.025,0.027,0.046,0.309,0.229,0.165,0.115,0.136,0.836502153,227,
W100,1248,1310,1.049679487,1511.105541,1.210821748,692450.167,0.42,1.86,1.64,15.76363475,0.174,0.124,0.103,0.089,0.077,0.068,0.061,0.055,0.05,0.051,0.063,0.085,0.045,0.258,0.195,0.14,0.114,0.247,0.821968906,228,
W101,1200,1670,1.391666667,1708.994723,1.424162269,382799.917,0.19,1.797,1.557,15.65448649,0.336,0.138,0.084,0.063,0.054,0.051,0.049,0.048,0.05,0.053,0.041,0.032,0.071,0.311,0.186,0.142,0.128,0.162,0.72998325,229,
W103,1159,1241,1.070750647,1257.807388,1.085252276,346355,0.24,1.83,1.548,15.50085399,0.273,0.145,0.098,0.072,0.055,0.045,0.04,0.04,0.04,0.041,0.06,0.092,0.065,0.296,0.195,0.129,0.1,0.214,0.784657089,230,
W104,1217,1376,1.130649137,1385.775726,1.138681779,306252.333,0.18,1.78,1.529,15.09769619,0.314,0.171,0.113,0.076,0.055,0.048,0.048,0.051,0.052,0.04,0.023,0.009,0.065,0.349,0.195,0.147,0.133,0.111,0.783408385,231,
W105,1227,985,0.802770986,1454.377309,1.18531158,488704.75,0.4,1.844,1.607,15.42518526,0.196,0.164,0.125,0.093,0.074,0.064,0.06,0.056,0.049,0.04,0.037,0.044,0.038,0.282,0.206,0.166,0.129,0.178,0.838401567,232,
W106,1229,1268,1.031733116,1522.978892,1.239201702,385410.083,0.25,1.817,1.564,15.44295853,0.248,0.161,0.114,0.089,0.071,0.058,0.045,0.037,0.036,0.04,0.047,0.054,0.051,0.292,0.223,0.159,0.109,0.166,0.818809699,233,
W107,1151,1217,1.057341442,1322.451187,1.14895846,383284.5,0.27,1.839,1.567,15.20797027,0.248,0.145,0.098,0.072,0.06,0.05,0.044,0.04,0.039,0.043,0.067,0.093,0.067,0.276,0.185,0.127,0.096,0.249,0.836326542,234,
W108,1091,1526,1.398716774,1654.905013,1.516869856,291479.5,0.18,1.775,1.527,15.60163605,0.336,0.159,0.093,0.074,0.061,0.049,0.042,0.041,0.042,0.041,0.035,0.027,0.09,0.323,0.209,0.142,0.108,0.128,0.799199422,235,
W110,1135,1229,1.082819383,1327.728232,1.16980461,210399.917,0.15,1.767,1.487,14.7807429,0.325,0.157,0.1,0.073,0.062,0.057,0.058,0.058,0.048,0.033,0.019,0.01,0.066,0.334,0.208,0.174,0.13,0.088,0.814026581,236,
W112,1230,1485,1.207317073,1536.171504,1.248919922,315923.583,0.17,1.757,1.533,15.21951666,0.316,0.186,0.123,0.084,0.062,0.046,0.036,0.034,0.034,0.032,0.025,0.021,0.071,0.353,0.235,0.134,0.102,0.106,0.821897132,237,
W114,1205,1167,0.96846473,1491.316623,1.237607156,465086.083,0.33,1.843,1.598,15.39911939,0.207,0.147,0.119,0.097,0.084,0.074,0.061,0.047,0.038,0.038,0.043,0.044,0.054,0.31,0.215,0.162,0.105,0.153,0.827405381,238,
W116,838,1329,1.585918854,1691.844327,2.018907312,245644.333,0.22,1.785,1.501,14.99301055,0.297,0.15,0.091,0.074,0.06,0.059,0.058,0.054,0.051,0.044,0.034,0.03,0.057,0.309,0.199,0.156,0.136,0.143,0.828267886,239,
W118,992,924,0.931451613,972.8469657,0.980692506,146278.167,0.16,1.778,1.445,14.31840002,0.331,0.169,0.106,0.068,0.044,0.037,0.033,0.033,0.04,0.051,0.055,0.031,0.067,0.353,0.2,0.115,0.119,0.146,0.800411523,240,
W119,1209,1430,1.182795699,1621.923483,1.341541342,214768.417,0.12,1.681,1.478,14.73332516,0.348,0.187,0.135,0.1,0.077,0.054,0.037,0.026,0.014,0.008,0.006,0.008,0.068,0.429,0.251,0.156,0.062,0.034,0.868694183,241,
W120,925,1421,1.536216216,1450.419525,1.568021108,262484.417,0.2,1.793,1.51,15.15064429,0.313,0.167,0.103,0.065,0.048,0.04,0.033,0.03,0.03,0.038,0.057,0.076,0.068,0.333,0.19,0.116,0.085,0.207,0.777765832,242,
W122,1128,1397,1.238475177,1831.686016,1.62383512,320146,0.2,1.815,1.535,15.47222757,0.293,0.147,0.098,0.072,0.053,0.044,0.04,0.044,0.051,0.055,0.055,0.048,0.062,0.328,0.177,0.123,0.112,0.198,0.795156742,243,
W124,1222,1492,1.220949264,1544.087071,1.263573708,323140.667,0.18,1.759,1.537,15.42834995,0.335,0.174,0.096,0.063,0.053,0.051,0.054,0.051,0.044,0.036,0.023,0.019,0.082,0.35,0.203,0.143,0.115,0.107,0.808529156,244,
W125,1202,1068,0.888519135,1267.042216,1.054111661,285696.25,0.22,1.775,1.531,15.20662933,0.331,0.165,0.105,0.072,0.059,0.05,0.042,0.038,0.039,0.038,0.035,0.026,0.056,0.368,0.217,0.135,0.101,0.123,0.770510227,245,
W126,786,1333,1.695928753,1356.751979,1.726147556,198402.25,0.19,1.778,1.473,15.25834545,0.336,0.157,0.096,0.071,0.06,0.056,0.051,0.045,0.04,0.036,0.027,0.025,0.08,0.35,0.193,0.15,0.114,0.114,0.767812759,246,
W128,1065,1337,1.255399061,1478.124011,1.387909869,336428.75,0.24,1.809,1.543,15.28291767,0.263,0.163,0.119,0.084,0.057,0.042,0.033,0.031,0.034,0.04,0.051,0.085,0.067,0.312,0.208,0.12,0.087,0.207,0.821889963,247,
W131,1218,1636,1.34318555,1712.952507,1.406364948,388820.833,0.2,1.795,1.557,15.59761177,0.309,0.18,0.111,0.074,0.053,0.041,0.034,0.036,0.042,0.04,0.037,0.044,0.064,0.35,0.204,0.128,0.101,0.152,0.807260443,248,
W132,1040,1471,1.414423077,1500.551451,1.442837934,153783,0.1,1.7,1.436,15.10642235,0.396,0.176,0.111,0.085,0.061,0.046,0.035,0.024,0.019,0.015,0.013,0.018,0.093,0.401,0.239,0.134,0.07,0.062,0.728897017,249,
W133,1220,1509,1.236885246,1574.430079,1.290516458,297176.167,0.16,1.748,1.524,15.30879685,0.338,0.163,0.112,0.077,0.057,0.048,0.043,0.042,0.042,0.032,0.023,0.023,0.079,0.374,0.214,0.139,0.094,0.1,0.759204459,250,
W134,1210,1174,0.970247934,1455.69657,1.203055016,367799.833,0.26,1.82,1.556,15.26647052,0.261,0.183,0.123,0.093,0.071,0.054,0.044,0.036,0.034,0.035,0.035,0.03,0.06,0.339,0.226,0.146,0.098,0.131,0.841378605,251,
W135,1218,1099,0.902298851,1488.6781,1.222231609,548132.25,0.41,1.855,1.624,15.49057246,0.18,0.146,0.12,0.106,0.092,0.076,0.065,0.053,0.04,0.035,0.04,0.047,0.035,0.277,0.199,0.156,0.118,0.215,0.852173636,252,
W137,1028,1108,1.077821012,1243.295515,1.209431434,338610,0.3,1.849,1.562,15.06274659,0.242,0.137,0.091,0.069,0.059,0.047,0.04,0.037,0.036,0.041,0.066,0.134,0.053,0.265,0.183,0.121,0.095,0.283,0.795327858,253,
W138,648,938,1.447530864,991.3166227,1.529809603,147308,0.24,1.818,1.446,14.78250803,0.265,0.146,0.098,0.076,0.059,0.05,0.042,0.038,0.04,0.042,0.054,0.091,0.067,0.288,0.185,0.109,0.097,0.254,0.76391027,254,
W140,1228,1009,0.821661238,1261.765172,1.027496068,344259.833,0.28,1.794,1.56,15.18821212,0.28,0.17,0.125,0.088,0.062,0.051,0.046,0.045,0.043,0.037,0.029,0.023,0.065,0.345,0.209,0.143,0.114,0.124,0.81059827,255,
W142,1220,1608,1.318032787,1774.957784,1.454883429,354758.417,0.18,1.811,1.548,15.65765434,0.292,0.149,0.089,0.065,0.056,0.046,0.051,0.058,0.06,0.053,0.048,0.033,0.058,0.293,0.186,0.142,0.133,0.188,0.74492428,256,
W143,1121,1123,1.001784121,1255.168865,1.119686767,323785.5,0.26,1.842,1.555,15.08149206,0.278,0.136,0.092,0.074,0.064,0.061,0.052,0.044,0.042,0.046,0.053,0.058,0.054,0.278,0.191,0.143,0.124,0.21,0.847115705,257,
W144,1227,1314,1.070904645,1387.094987,1.130476762,622848.75,0.39,1.839,1.624,15.54506722,0.188,0.149,0.114,0.09,0.076,0.063,0.056,0.051,0.053,0.056,0.056,0.047,0.04,0.25,0.212,0.163,0.131,0.204,0.794613772,258,
W145,1252,959,0.765974441,1260.44591,1.006745935,492736.583,0.41,1.821,1.608,15.3913947,0.188,0.151,0.122,0.102,0.087,0.07,0.058,0.049,0.047,0.045,0.041,0.039,0.038,0.242,0.227,0.193,0.141,0.159,0.821132075,259,
W146,1069,1472,1.376987839,1457.015831,1.362970843,340150.333,0.22,1.796,1.547,15.44501574,0.311,0.161,0.098,0.068,0.051,0.041,0.041,0.045,0.052,0.056,0.045,0.032,0.077,0.327,0.196,0.122,0.116,0.162,0.832721254,260,
W147,980,1137,1.160204082,1238.01847,1.263284153,295490.75,0.27,1.835,1.542,15.17252506,0.262,0.144,0.092,0.068,0.054,0.045,0.045,0.043,0.045,0.047,0.066,0.089,0.055,0.276,0.173,0.133,0.104,0.259,0.785960214,261,
W148,1231,1298,1.054427295,1380.498681,1.121444907,475854.167,0.3,1.831,1.586,15.38710687,0.256,0.161,0.114,0.089,0.072,0.059,0.046,0.04,0.035,0.038,0.042,0.049,0.054,0.3,0.213,0.149,0.107,0.177,0.848746824,262,
W149,757,1121,1.480845443,1194.48285,1.577916578,197267.167,0.23,1.828,1.489,14.88603108,0.261,0.13,0.088,0.066,0.048,0.043,0.042,0.042,0.049,0.069,0.078,0.084,0.066,0.267,0.167,0.123,0.118,0.259,0.765873969,263,
W150,953,985,1.033578174,1048.044855,1.099732272,256253.833,0.27,1.839,1.523,14.7316032,0.245,0.138,0.097,0.071,0.06,0.052,0.043,0.038,0.036,0.037,0.053,0.13,0.061,0.26,0.191,0.123,0.097,0.268,0.81920874,264,
W151,762,980,1.286089239,1020.340369,1.339029356,156951.833,0.21,1.786,1.455,14.65735364,0.306,0.163,0.09,0.067,0.059,0.048,0.046,0.048,0.047,0.035,0.033,0.059,0.071,0.324,0.198,0.143,0.108,0.156,0.754990389,265,
W152,897,1101,1.227424749,1144.350923,1.275753538,252450.833,0.26,1.826,1.52,14.94077405,0.28,0.136,0.083,0.068,0.064,0.059,0.053,0.048,0.048,0.046,0.048,0.068,0.051,0.291,0.187,0.141,0.123,0.207,0.76966336,266,
W153,1032,953,0.923449612,1096.85752,1.062846434,244641.083,0.25,1.836,1.514,14.96380164,0.264,0.14,0.086,0.061,0.049,0.044,0.043,0.043,0.045,0.047,0.064,0.113,0.054,0.273,0.168,0.129,0.103,0.273,0.738377393,267,
W154,1004,1070,1.065737052,1116.646438,1.112197647,215627.417,0.2,1.787,1.499,14.86576833,0.311,0.137,0.096,0.081,0.064,0.06,0.057,0.052,0.044,0.039,0.03,0.029,0.064,0.314,0.193,0.177,0.125,0.127,0.724251497,268,
W155,826,1029,1.245762712,1067.833773,1.292776965,148464.25,0.17,1.801,1.446,14.66595521,0.291,0.126,0.073,0.064,0.062,0.062,0.058,0.055,0.063,0.062,0.052,0.032,0.077,0.279,0.168,0.139,0.129,0.209,0.697884554,269,
W157,987,1123,1.137791287,1189.205805,1.204869103,239085.5,0.22,1.814,1.512,15.02158173,0.316,0.144,0.084,0.058,0.045,0.042,0.041,0.045,0.047,0.055,0.064,0.059,0.063,0.317,0.171,0.124,0.119,0.206,0.778783784,270,
W158,1114,1154,1.035906643,1272.319261,1.142117829,278147.833,0.22,1.847,1.531,14.88691913,0.279,0.134,0.081,0.06,0.052,0.041,0.034,0.036,0.038,0.055,0.088,0.101,0.052,0.279,0.171,0.11,0.101,0.288,0.759464737,271,
W159,679,1080,1.590574374,1106.092348,1.629001986,175779.25,0.24,1.837,1.471,14.72499085,0.25,0.135,0.088,0.07,0.057,0.052,0.045,0.043,0.045,0.051,0.058,0.106,0.061,0.275,0.167,0.124,0.106,0.268,0.745142379,272,
W160,818,1055,1.289731051,1103.453826,1.348965557,181818.833,0.21,1.801,1.477,14.54567567,0.259,0.14,0.087,0.07,0.055,0.057,0.068,0.077,0.073,0.053,0.036,0.024,0.063,0.28,0.193,0.16,0.142,0.161,0.79110485,273,
W161,768,1025,1.334635417,1026.936675,1.33715713,149867.75,0.19,1.806,1.448,14.69761077,0.294,0.146,0.095,0.068,0.052,0.04,0.036,0.038,0.035,0.038,0.054,0.103,0.08,0.284,0.19,0.121,0.087,0.238,0.731077147,274,
W162,658,1019,1.548632219,1119.28496,1.701040973,189803.75,0.28,1.829,1.482,14.48415212,0.183,0.115,0.097,0.079,0.069,0.069,0.065,0.065,0.065,0.071,0.07,0.052,0.04,0.21,0.182,0.183,0.167,0.218,0.839105699,275,
W163,850,894,1.051764706,929.3113456,1.093307465,209318.333,0.28,1.846,1.496,14.91913441,0.249,0.126,0.085,0.064,0.052,0.041,0.038,0.048,0.056,0.068,0.076,0.098,0.054,0.234,0.175,0.132,0.127,0.279,0.711877395,276,
W165,683,954,1.396778917,1194.48285,1.748876793,151584.917,0.23,1.778,1.45,14.53059962,0.318,0.144,0.104,0.061,0.048,0.054,0.063,0.053,0.05,0.044,0.032,0.028,0.067,0.315,0.203,0.155,0.12,0.14,0.730726257,277,
W166,1025,1165,1.136585366,1420.076517,1.385440505,202929.667,0.17,1.738,1.481,14.88915022,0.343,0.163,0.108,0.08,0.064,0.06,0.054,0.045,0.036,0.025,0.014,0.008,0.065,0.378,0.221,0.162,0.112,0.063,0.747660536,278,
W167,1223,1239,1.013082584,1290.788918,1.055428388,362060.417,0.24,1.788,1.551,15.05114018,0.314,0.173,0.107,0.074,0.059,0.048,0.041,0.04,0.042,0.041,0.035,0.025,0.056,0.38,0.219,0.128,0.099,0.119,0.81701068,279,
W168,1149,961,0.83637946,1158.862797,1.008583809,341196.75,0.31,1.828,1.556,14.95318008,0.255,0.149,0.107,0.078,0.061,0.048,0.042,0.039,0.038,0.041,0.06,0.081,0.049,0.286,0.195,0.142,0.105,0.223,0.810846954,280,
W169,882,974,1.10430839,1044.087071,1.18377219,183918.75,0.21,1.794,1.479,14.77411325,0.315,0.153,0.1,0.071,0.05,0.038,0.034,0.036,0.037,0.038,0.044,0.084,0.079,0.319,0.187,0.115,0.094,0.206,0.781302698,281,
W170,789,925,1.172370089,970.2084433,1.229668496,215594.333,0.3,1.846,1.5,14.85757701,0.237,0.122,0.08,0.059,0.045,0.042,0.043,0.048,0.064,0.074,0.088,0.096,0.06,0.233,0.158,0.117,0.136,0.297,0.743355874,282,
W171,838,939,1.12052506,960.9736148,1.146746557,151069,0.19,1.801,1.45,14.68403126,0.301,0.124,0.075,0.067,0.066,0.06,0.055,0.063,0.065,0.056,0.04,0.029,0.074,0.27,0.183,0.152,0.127,0.195,0.723831301,283,
W172,1040,1067,1.025961538,1146.989446,1.102874467,350507.083,0.32,1.836,1.566,15.07841219,0.228,0.143,0.107,0.083,0.06,0.045,0.039,0.035,0.036,0.041,0.061,0.123,0.06,0.267,0.192,0.127,0.088,0.265,0.822515176,284,
W173,949,1257,1.32455216,1329.047493,1.400471542,177346.167,0.15,1.751,1.455,14.64317348,0.354,0.166,0.097,0.07,0.06,0.045,0.033,0.032,0.035,0.045,0.037,0.027,0.082,0.362,0.197,0.13,0.092,0.137,0.827645691,285,
W174,822,1076,1.309002433,1123.242744,1.366475358,179803.083,0.2,1.816,1.476,14.46024302,0.279,0.147,0.092,0.063,0.046,0.04,0.044,0.046,0.048,0.051,0.07,0.075,0.07,0.265,0.183,0.122,0.119,0.24,0.823191838,286,
W175,926,1151,1.242980562,1177.332454,1.271417337,214188.667,0.2,1.811,1.494,14.98205965,0.267,0.152,0.103,0.078,0.062,0.05,0.039,0.034,0.034,0.042,0.046,0.092,0.07,0.301,0.201,0.115,0.082,0.231,0.822952542,287,
W176,992,1164,1.173387097,1235.379947,1.245342689,337284.583,0.29,1.859,1.554,14.97640108,0.254,0.133,0.081,0.066,0.053,0.049,0.044,0.042,0.04,0.046,0.071,0.123,0.049,0.281,0.169,0.127,0.095,0.279,0.786895911,288,
W178,1141,1093,0.957931639,1111.369393,0.974031019,371619.167,0.3,1.848,1.573,15.09031697,0.225,0.137,0.098,0.078,0.061,0.054,0.048,0.045,0.042,0.042,0.06,0.109,0.046,0.248,0.196,0.142,0.115,0.253,0.807597691,289,
W179,620,771,1.243548387,800.0237467,1.290360882,126866.75,0.27,1.842,1.425,14.66226166,0.243,0.122,0.078,0.063,0.059,0.056,0.051,0.049,0.053,0.063,0.061,0.103,0.06,0.239,0.169,0.133,0.118,0.282,0.770058104,290,
W180,947,993,1.048574446,1049.364116,1.108093048,180095.75,0.19,1.828,1.472,14.78207233,0.309,0.123,0.072,0.059,0.052,0.045,0.037,0.035,0.037,0.048,0.078,0.105,0.068,0.257,0.17,0.124,0.101,0.28,0.777977896,291,
W182,673,1014,1.506686478,1082.345646,1.608240188,177535.083,0.26,1.835,1.473,14.80375758,0.212,0.133,0.088,0.068,0.065,0.058,0.053,0.051,0.047,0.059,0.074,0.094,0.059,0.218,0.176,0.151,0.144,0.252,0.792340092,292,
W183,775,872,1.12516129,945.1424802,1.219538684,220842.083,0.33,1.823,1.505,14.69567378,0.3,0.145,0.091,0.069,0.061,0.054,0.046,0.038,0.035,0.035,0.048,0.08,0.066,0.302,0.194,0.134,0.097,0.207,0.793139474,293,
W184,901,845,0.937846837,974.1662269,1.081205579,192181.333,0.25,1.834,1.483,14.79514234,0.261,0.121,0.088,0.071,0.06,0.051,0.045,0.042,0.042,0.042,0.063,0.114,0.057,0.262,0.169,0.137,0.111,0.264,0.766640699,294,
W185,753,951,1.262948207,1005.828496,1.335761615,232484.833,0.32,1.861,1.511,14.63276536,0.245,0.132,0.084,0.057,0.046,0.039,0.036,0.033,0.034,0.046,0.097,0.152,0.058,0.247,0.148,0.107,0.088,0.351,0.784634689,295,
W186,726,1001,1.378787879,1114.007916,1.534446165,150378.167,0.21,1.782,1.451,14.54591736,0.275,0.149,0.097,0.069,0.06,0.057,0.055,0.056,0.051,0.047,0.046,0.038,0.07,0.298,0.196,0.14,0.127,0.169,0.754706019,296,
W187,923,1005,1.088840737,1219.548813,1.321287988,168218,0.18,1.795,1.465,14.65144315,0.259,0.151,0.099,0.073,0.055,0.05,0.058,0.063,0.067,0.06,0.036,0.03,0.064,0.266,0.189,0.165,0.158,0.158,0.748270078,297,
W188,840,1015,1.208333333,1054.641161,1.255525192,213386,0.25,1.832,1.499,15.02798705,0.28,0.137,0.08,0.058,0.047,0.041,0.035,0.04,0.043,0.046,0.075,0.118,0.069,0.256,0.174,0.122,0.105,0.274,0.747160203,298,
W189,783,987,1.260536398,1005.828496,1.284583009,193172.583,0.25,1.85,1.482,14.77185553,0.273,0.122,0.078,0.052,0.041,0.037,0.037,0.038,0.041,0.053,0.074,0.154,0.061,0.253,0.149,0.105,0.102,0.33,0.763405614,299,
W190,854,967,1.132318501,995.2744063,1.165426705,206056.833,0.25,1.836,1.492,14.84020582,0.25,0.126,0.082,0.059,0.052,0.049,0.048,0.05,0.051,0.058,0.083,0.093,0.06,0.244,0.16,0.138,0.137,0.261,0.796640457,300,
W191,945,996,1.053968254,1098.176781,1.162091832,260406.333,0.28,1.809,1.53,14.89085084,0.265,0.147,0.11,0.088,0.072,0.055,0.043,0.033,0.03,0.03,0.044,0.083,0.074,0.297,0.215,0.135,0.08,0.199,0.819214694,301,
W192,981,1020,1.039755352,1086.30343,1.107342946,293523,0.29,1.829,1.546,14.94694409,0.231,0.141,0.107,0.086,0.072,0.058,0.05,0.042,0.04,0.037,0.047,0.09,0.064,0.257,0.214,0.151,0.099,0.215,0.840168703,302,
W193,1093,1102,1.008234218,1140.39314,1.043360604,268929.583,0.22,1.808,1.528,15.18379133,0.321,0.144,0.088,0.066,0.056,0.047,0.045,0.041,0.04,0.039,0.046,0.067,0.068,0.32,0.187,0.126,0.105,0.194,0.783170279,303,
W194,814,1227,1.507371007,1274.957784,1.566287203,216194.75,0.22,1.816,1.489,14.89453662,0.312,0.13,0.085,0.061,0.05,0.043,0.041,0.04,0.041,0.049,0.063,0.085,0.064,0.311,0.167,0.112,0.099,0.247,0.727928039,304,
W195,1230,1288,1.047154472,1338.282322,1.088034408,411506.75,0.26,1.791,1.565,15.24837546,0.277,0.183,0.118,0.078,0.058,0.048,0.042,0.038,0.034,0.038,0.046,0.04,0.06,0.34,0.208,0.133,0.101,0.157,0.811086023,305,
W197,986,1070,1.085192698,1127.200528,1.143205403,194231.583,0.18,1.807,1.485,14.86554603,0.298,0.151,0.084,0.057,0.055,0.052,0.05,0.045,0.049,0.056,0.059,0.045,0.073,0.29,0.181,0.141,0.122,0.194,0.769616315,306,
W198,961,1044,1.086368366,1084.984169,1.129015784,247874.583,0.25,1.827,1.517,14.75190377,0.264,0.135,0.09,0.069,0.059,0.052,0.05,0.05,0.046,0.052,0.063,0.07,0.059,0.269,0.182,0.144,0.12,0.226,0.811498641,307,
W199,959,1281,1.335766423,1338.282322,1.395497729,356362.75,0.29,1.839,1.557,15.14732953,0.208,0.138,0.101,0.083,0.065,0.054,0.046,0.039,0.034,0.037,0.056,0.138,0.051,0.243,0.199,0.141,0.094,0.271,0.791253201,308,
W200,657,1027,1.563165906,1057.279683,1.609253704,136730.167,0.2,1.798,1.434,14.70028534,0.256,0.136,0.098,0.074,0.065,0.058,0.054,0.045,0.049,0.061,0.056,0.048,0.067,0.271,0.191,0.155,0.131,0.184,0.760664229,309,
W201,1125,1273,1.131555556,1379.17942,1.225937262,414657.667,0.29,1.843,1.574,15.18331896,0.284,0.151,0.1,0.069,0.053,0.044,0.04,0.042,0.04,0.05,0.06,0.067,0.052,0.274,0.176,0.123,0.109,0.266,0.801486577,310,
W203,1106,1492,1.349005425,1608.730871,1.454548708,382208.75,0.23,1.809,1.557,15.52580513,0.306,0.166,0.108,0.074,0.051,0.037,0.035,0.036,0.041,0.046,0.051,0.051,0.068,0.34,0.185,0.113,0.1,0.193,0.785989779,311,
W204,1126,1356,1.204262877,1389.733509,1.234221589,309439.667,0.2,1.786,1.528,15.48612745,0.287,0.156,0.112,0.089,0.067,0.054,0.047,0.045,0.048,0.044,0.033,0.017,0.056,0.317,0.227,0.157,0.126,0.117,0.754160063,312,
W205,1162,1357,1.167814114,1497.912929,1.289081694,314984.583,0.2,1.771,1.534,15.5398161,0.3,0.147,0.099,0.082,0.071,0.063,0.055,0.052,0.053,0.044,0.025,0.009,0.059,0.324,0.211,0.172,0.132,0.102,0.75993906,313,
W206,894,1101,1.231543624,1168.097625,1.306596896,280234.167,0.28,1.833,1.536,14.8949759,0.269,0.161,0.113,0.083,0.065,0.057,0.046,0.045,0.044,0.039,0.036,0.041,0.057,0.265,0.2,0.145,0.102,0.231,0.797587856,314,
W207,758,1163,1.534300792,1224.825858,1.615865247,213314.75,0.24,1.835,1.495,14.93059614,0.253,0.13,0.076,0.061,0.058,0.057,0.051,0.054,0.058,0.068,0.07,0.064,0.058,0.229,0.17,0.157,0.137,0.248,0.752175426,315,
W208,807,959,1.188351921,1013.744063,1.25618843,216083.917,0.28,1.819,1.501,14.54333622,0.243,0.137,0.088,0.075,0.062,0.055,0.049,0.054,0.06,0.068,0.07,0.038,0.048,0.257,0.192,0.151,0.152,0.2,0.784636774,316,
W210,950,1494,1.572631579,1611.369393,1.696178309,223585.667,0.16,1.762,1.487,15.36918346,0.368,0.201,0.131,0.084,0.065,0.044,0.028,0.02,0.016,0.012,0.01,0.02,0.065,0.409,0.216,0.131,0.092,0.086,0.701805675,317,
W211,873,1047,1.199312715,1261.765172,1.44532093,198559.583,0.22,1.796,1.489,15.01583938,0.296,0.142,0.095,0.064,0.049,0.045,0.044,0.048,0.052,0.048,0.048,0.068,0.077,0.291,0.174,0.143,0.111,0.204,0.720852575,318,
W212,1226,1346,1.097879282,1384.456464,1.129246708,366611.333,0.22,1.784,1.553,15.38181742,0.307,0.16,0.103,0.074,0.057,0.047,0.043,0.047,0.051,0.045,0.035,0.031,0.061,0.348,0.186,0.146,0.123,0.136,0.765806299,319,
W213,1011,1203,1.189910979,1235.379947,1.221938622,309542.833,0.25,1.835,1.539,15.10215545,0.239,0.141,0.106,0.086,0.071,0.061,0.052,0.043,0.037,0.039,0.049,0.076,0.055,0.272,0.203,0.152,0.115,0.203,0.753241391,320,
W214,1228,1442,1.174267101,1520.340369,1.23806219,427221.333,0.24,1.82,1.575,15.50019607,0.239,0.164,0.118,0.086,0.066,0.054,0.044,0.037,0.035,0.039,0.052,0.066,0.051,0.293,0.209,0.137,0.102,0.208,0.81810903,321,
W215,918,1289,1.404139434,1339.601583,1.459260984,284614,0.24,1.801,1.522,15.2244281,0.265,0.156,0.11,0.077,0.063,0.051,0.05,0.047,0.046,0.048,0.047,0.04,0.066,0.318,0.2,0.147,0.118,0.152,0.799358563,322,
W216,878,1147,1.306378132,1202.398417,1.369474279,207554.417,0.21,1.806,1.495,14.65972327,0.263,0.142,0.094,0.071,0.064,0.063,0.055,0.049,0.051,0.056,0.048,0.043,0.063,0.265,0.191,0.171,0.136,0.175,0.800292113,323,
W217,1224,1247,1.01879085,1340.920844,1.095523566,276509.917,0.18,1.787,1.514,14.92734329,0.356,0.166,0.087,0.06,0.051,0.044,0.039,0.039,0.039,0.041,0.046,0.033,0.059,0.385,0.186,0.121,0.102,0.147,0.804045004,324,
W218,1152,1150,0.998263889,1232.741425,1.070088042,218638.167,0.17,1.77,1.496,14.74820901,0.345,0.172,0.101,0.065,0.045,0.039,0.039,0.042,0.044,0.041,0.037,0.028,0.073,0.359,0.193,0.121,0.109,0.144,0.846563012,325,
W219,980,1514,1.544897959,1524.298153,1.555406279,266719.167,0.18,1.828,1.511,15.40286723,0.275,0.128,0.088,0.072,0.07,0.068,0.064,0.05,0.046,0.05,0.041,0.048,0.067,0.286,0.163,0.127,0.128,0.229,0.734106553,326,
W221,833,1044,1.253301321,1088.941953,1.307253244,312668.833,0.36,1.871,1.552,14.99328663,0.211,0.123,0.088,0.071,0.057,0.05,0.044,0.041,0.043,0.046,0.068,0.158,0.047,0.239,0.176,0.116,0.1,0.322,0.815958753,327,
W223,958,1127,1.176409186,1169.416887,1.220685685,303457.167,0.28,1.842,1.544,15.21991355,0.253,0.137,0.102,0.075,0.061,0.052,0.048,0.045,0.041,0.043,0.057,0.085,0.059,0.261,0.168,0.134,0.11,0.268,0.730005609,328,
W224,750,1043,1.390666667,1065.195251,1.420260334,206243,0.26,1.837,1.494,15.02245943,0.26,0.134,0.078,0.054,0.046,0.043,0.039,0.044,0.056,0.069,0.081,0.095,0.061,0.246,0.163,0.121,0.123,0.286,0.738498014,329,
W225,953,999,1.048268625,1055.960422,1.108038218,170652.333,0.18,1.798,1.465,14.50991865,0.333,0.153,0.088,0.061,0.048,0.04,0.033,0.036,0.038,0.043,0.059,0.069,0.069,0.351,0.167,0.112,0.106,0.196,0.873589863,330,
W226,970,1229,1.267010309,1274.957784,1.314389468,126633.667,0.11,1.701,1.411,14.76061558,0.461,0.171,0.086,0.049,0.038,0.034,0.036,0.033,0.031,0.022,0.017,0.021,0.096,0.44,0.189,0.108,0.072,0.095,0.75,331,
W228,1138,1248,1.096660808,1292.108179,1.135420193,340355.917,0.24,1.832,1.547,15.12881057,0.279,0.144,0.092,0.067,0.053,0.044,0.036,0.034,0.039,0.042,0.06,0.109,0.063,0.3,0.182,0.12,0.093,0.242,0.786951238,332,
W230,816,974,1.193627451,1069.153034,1.310236562,220716.333,0.28,1.848,1.505,14.58032606,0.256,0.139,0.089,0.066,0.05,0.042,0.04,0.042,0.044,0.049,0.075,0.108,0.056,0.274,0.169,0.121,0.103,0.278,0.813183227,333,
W231,1031,986,0.956353055,1062.556728,1.030607884,325508.833,0.32,1.849,1.553,14.95476955,0.241,0.132,0.094,0.069,0.053,0.046,0.044,0.042,0.042,0.051,0.073,0.114,0.058,0.262,0.168,0.116,0.108,0.289,0.810262908,334,
W232,988,1008,1.020242915,1063.875989,1.07679756,303775.417,0.31,1.842,1.549,14.85844102,0.223,0.135,0.092,0.078,0.061,0.052,0.044,0.042,0.042,0.046,0.068,0.116,0.052,0.252,0.187,0.129,0.105,0.275,0.819396698,335,
W234,1077,1104,1.025069638,1207.675462,1.121332834,283728.333,0.24,1.818,1.535,14.97403464,0.268,0.13,0.09,0.069,0.058,0.048,0.044,0.046,0.052,0.068,0.075,0.051,0.058,0.285,0.179,0.139,0.12,0.219,0.73772171,336,
W235,1128,1209,1.071808511,1714.271768,1.519744475,260064.083,0.19,1.78,1.509,15.48270456,0.291,0.157,0.102,0.079,0.067,0.063,0.054,0.049,0.042,0.04,0.035,0.022,0.066,0.322,0.221,0.165,0.118,0.108,0.715604091,337,
W236,913,1101,1.205914567,1203.717678,1.318420239,214689.917,0.21,1.814,1.496,14.90715899,0.288,0.139,0.09,0.07,0.056,0.051,0.047,0.04,0.04,0.044,0.061,0.074,0.056,0.291,0.194,0.137,0.113,0.208,0.69513217,338,
W237,1051,1229,1.169362512,1286.831135,1.224387378,377348.667,0.29,1.827,1.557,15.17281422,0.286,0.162,0.101,0.07,0.056,0.046,0.038,0.037,0.038,0.049,0.062,0.056,0.058,0.291,0.193,0.125,0.115,0.218,0.801551954,339,
W238,784,1073,1.368622449,1107.411609,1.412514808,183053.667,0.22,1.832,1.478,15.02450026,0.279,0.131,0.088,0.068,0.052,0.048,0.047,0.044,0.048,0.054,0.065,0.076,0.076,0.282,0.159,0.125,0.104,0.254,0.772104514,340,
W239,616,803,1.303571429,916.1187335,1.487205736,139746.75,0.28,1.849,1.436,14.64105192,0.242,0.126,0.085,0.065,0.053,0.044,0.046,0.052,0.052,0.052,0.053,0.13,0.063,0.243,0.164,0.125,0.102,0.303,0.765435427,341,
W240,718,1123,1.564066852,1161.501319,1.61768986,138698,0.17,1.789,1.438,14.63564242,0.292,0.148,0.093,0.073,0.054,0.055,0.045,0.044,0.039,0.05,0.056,0.049,0.068,0.308,0.214,0.125,0.097,0.187,0.761315458,342,
W241,911,1062,1.165751921,1084.984169,1.190981525,222073,0.23,1.818,1.502,14.91102124,0.296,0.144,0.089,0.064,0.051,0.047,0.044,0.045,0.041,0.044,0.056,0.078,0.063,0.3,0.176,0.124,0.112,0.226,0.789191489,343,
W242,844,997,1.181279621,1022.978892,1.212060298,209620.25,0.25,1.831,1.494,14.72691088,0.255,0.151,0.1,0.073,0.056,0.044,0.033,0.03,0.032,0.035,0.055,0.136,0.061,0.279,0.188,0.126,0.075,0.271,0.799382227,344,
W243,996,1315,1.320281124,1358.07124,1.363525341,290459.833,0.22,1.808,1.52,14.95892961,0.288,0.171,0.107,0.069,0.045,0.035,0.03,0.031,0.034,0.046,0.071,0.073,0.059,0.313,0.191,0.11,0.096,0.231,0.787376528,345,
W244,958,1304,1.361169102,1329.047493,1.387314711,245605.167,0.2,1.79,1.501,14.81277061,0.306,0.169,0.102,0.073,0.056,0.042,0.034,0.03,0.035,0.039,0.052,0.063,0.065,0.342,0.198,0.115,0.088,0.192,0.806128275,346,
W245,915,1164,1.272131148,1212.952507,1.325631155,214455.833,0.2,1.813,1.491,15.01954651,0.3,0.137,0.09,0.064,0.052,0.049,0.046,0.044,0.044,0.047,0.056,0.071,0.075,0.297,0.181,0.129,0.106,0.211,0.807846277,347,
W246,1221,873,0.714987715,1338.282322,1.096054318,451063.583,0.42,1.864,1.598,15.31013845,0.193,0.14,0.126,0.112,0.097,0.081,0.063,0.053,0.041,0.032,0.027,0.035,0.036,0.264,0.194,0.16,0.127,0.219,0.826174679,348,
W247,1017,1444,1.41986234,1466.25066,1.441741062,188669.583,0.13,1.732,1.464,15.18833346,0.39,0.16,0.09,0.071,0.061,0.059,0.045,0.031,0.025,0.024,0.023,0.022,0.083,0.369,0.211,0.14,0.089,0.107,0.80627895,349,
W251,928,1126,1.213362069,1177.332454,1.268677213,233339.417,0.22,1.819,1.509,15.08248898,0.286,0.14,0.095,0.068,0.051,0.045,0.043,0.045,0.048,0.054,0.063,0.062,0.065,0.286,0.179,0.127,0.102,0.24,0.784650492,350,
W253,1029,1476,1.434402332,1705.036939,1.656984392,314859.833,0.21,1.792,1.531,15.23751708,0.312,0.164,0.096,0.072,0.052,0.047,0.048,0.051,0.051,0.046,0.034,0.027,0.057,0.339,0.197,0.141,0.127,0.139,0.785076416,351,
W255,969,1492,1.539731682,1516.382586,1.564894309,301592.083,0.21,1.819,1.53,15.39236109,0.255,0.142,0.102,0.074,0.059,0.052,0.048,0.047,0.049,0.055,0.056,0.061,0.068,0.273,0.185,0.137,0.117,0.22,0.774640189,352,
W257,1181,1433,1.213378493,1475.485488,1.249352657,375093.583,0.22,1.781,1.555,15.32180302,0.303,0.162,0.115,0.084,0.062,0.046,0.043,0.048,0.048,0.039,0.027,0.023,0.048,0.359,0.223,0.147,0.114,0.109,0.785541335,353,
W258,1082,1268,1.171903882,1311.897098,1.212474212,327352.667,0.24,1.842,1.541,15.4890408,0.265,0.14,0.087,0.063,0.051,0.048,0.048,0.047,0.048,0.055,0.069,0.078,0.061,0.262,0.164,0.136,0.125,0.251,0.790336929,354,
W259,980,1206,1.230612245,1226.145119,1.251168489,251774.333,0.21,1.788,1.507,15.09052122,0.29,0.16,0.096,0.073,0.065,0.051,0.047,0.053,0.052,0.045,0.042,0.027,0.051,0.314,0.211,0.158,0.12,0.146,0.727679882,355,
W260,1030,1476,1.433009709,1521.659631,1.477339447,310369.5,0.2,1.79,1.528,15.33111077,0.336,0.16,0.107,0.076,0.061,0.047,0.038,0.037,0.043,0.041,0.029,0.024,0.063,0.329,0.189,0.149,0.129,0.141,0.788395725,356,
W261,792,1446,1.825757576,1476.804749,1.864652461,218411.083,0.19,1.807,1.488,15.46464876,0.3,0.161,0.093,0.058,0.042,0.039,0.04,0.04,0.042,0.056,0.065,0.063,0.098,0.295,0.166,0.115,0.112,0.215,0.722270257,357,
W263,1250,1170,0.936,1276.277045,1.021021636,429005.5,0.29,1.835,1.58,15.33889687,0.288,0.153,0.093,0.073,0.058,0.049,0.046,0.043,0.038,0.04,0.045,0.075,0.049,0.307,0.203,0.137,0.098,0.205,0.808911307,358,
W264,890,1344,1.51011236,1362.029024,1.53036969,269481.25,0.23,1.82,1.515,15.48079467,0.256,0.141,0.091,0.073,0.065,0.057,0.057,0.05,0.046,0.044,0.053,0.066,0.068,0.269,0.185,0.136,0.116,0.226,0.725014611,359,
W265,871,860,0.987370838,920.0765172,1.056345025,178911.833,0.24,1.818,1.475,14.99906254,0.276,0.122,0.088,0.074,0.065,0.055,0.05,0.044,0.044,0.049,0.054,0.079,0.063,0.255,0.199,0.157,0.114,0.212,0.746946617,360,
W266,1258,1434,1.13990461,1562.556728,1.242095968,484705.083,0.27,1.819,1.589,15.4634495,0.284,0.163,0.106,0.079,0.064,0.049,0.038,0.036,0.034,0.039,0.052,0.056,0.054,0.326,0.203,0.132,0.095,0.19,0.804452106,361,
W267,837,1087,1.298685783,1150.94723,1.375086296,147163.75,0.16,1.818,1.444,14.81180824,0.241,0.126,0.094,0.067,0.064,0.056,0.06,0.064,0.052,0.053,0.053,0.068,0.056,0.223,0.168,0.184,0.141,0.228,0.678810879,362,
W268,1058,1033,0.97637051,1120.604222,1.059172232,218542.75,0.2,1.792,1.496,14.86059381,0.359,0.136,0.08,0.06,0.053,0.051,0.052,0.049,0.044,0.041,0.041,0.035,0.072,0.324,0.172,0.144,0.119,0.169,0.722643467,363,
W270,654,1069,1.634556575,1096.85752,1.677152171,168974.167,0.24,1.829,1.463,14.83022087,0.277,0.111,0.09,0.065,0.053,0.045,0.047,0.051,0.059,0.06,0.068,0.072,0.059,0.244,0.155,0.158,0.128,0.257,0.703215318,364,
W271,862,1164,1.350348028,1181.290237,1.370406308,275780.917,0.27,1.834,1.524,14.86531672,0.258,0.138,0.101,0.069,0.056,0.049,0.04,0.034,0.04,0.059,0.082,0.073,0.049,0.276,0.179,0.129,0.109,0.258,0.812177618,365,
W272,1227,911,0.742461288,1048.044855,0.854152286,474192.417,0.42,1.867,1.606,15.21409013,0.201,0.131,0.088,0.068,0.064,0.058,0.055,0.052,0.053,0.052,0.064,0.114,0.039,0.226,0.18,0.14,0.13,0.284,0.81157622,366,
W273,745,1489,1.998657718,1584.984169,2.127495529,167637.667,0.15,1.718,1.449,14.66413953,0.408,0.165,0.094,0.067,0.053,0.045,0.041,0.04,0.035,0.026,0.016,0.009,0.09,0.4,0.192,0.139,0.113,0.066,0.834295309,367,
W274,1139,942,0.827041264,1053.3219,0.924777787,327050.833,0.3,1.834,1.551,14.93652957,0.254,0.137,0.097,0.071,0.06,0.05,0.044,0.044,0.045,0.049,0.061,0.089,0.048,0.29,0.178,0.127,0.121,0.236,0.788016386,368,
W275,1231,1328,1.078797725,1646.989446,1.337928063,170598.25,0.1,1.683,1.457,14.71755851,0.437,0.199,0.112,0.069,0.048,0.037,0.031,0.025,0.017,0.01,0.006,0.009,0.084,0.442,0.24,0.132,0.056,0.046,0.828707086,369,
W276,1297,1422,1.096376253,1505.828496,1.161008864,408217.333,0.22,1.796,1.564,15.51456103,0.297,0.171,0.113,0.079,0.06,0.051,0.044,0.04,0.039,0.037,0.034,0.035,0.06,0.32,0.216,0.149,0.109,0.145,0.806870056,370,
W277,1138,1392,1.223198594,1406.883905,1.236277597,333366.167,0.21,1.818,1.541,15.445299,0.295,0.146,0.094,0.067,0.055,0.05,0.043,0.039,0.038,0.042,0.053,0.078,0.072,0.296,0.191,0.121,0.101,0.218,0.750121215,371,
W281,1223,1122,0.91741619,1330.366755,1.08778966,459741,0.34,1.832,1.599,15.30096631,0.22,0.153,0.115,0.086,0.069,0.059,0.051,0.044,0.042,0.041,0.047,0.074,0.051,0.292,0.211,0.147,0.107,0.193,0.824111454,372,
W282,1056,1160,1.098484848,1212.952507,1.148629268,362691.083,0.3,1.829,1.566,15.34525924,0.268,0.15,0.102,0.074,0.057,0.049,0.04,0.036,0.036,0.039,0.054,0.094,0.064,0.297,0.199,0.126,0.09,0.225,0.808274142,373,
W286,990,1374,1.387878788,1391.05277,1.405103809,303702.75,0.22,1.842,1.529,15.29723894,0.247,0.135,0.087,0.065,0.054,0.046,0.045,0.05,0.054,0.059,0.066,0.093,0.063,0.251,0.165,0.123,0.119,0.278,0.784846602,374,
W288,1222,1504,1.230769231,1548.044855,1.266812484,266888.083,0.15,1.724,1.506,15.08966662,0.356,0.193,0.111,0.072,0.061,0.057,0.048,0.037,0.027,0.017,0.011,0.011,0.069,0.367,0.243,0.161,0.094,0.066,0.81559806,375,
W290,945,983,1.04021164,1028.255937,1.08810152,249839.333,0.27,1.852,1.52,15.02328298,0.259,0.13,0.081,0.059,0.051,0.044,0.039,0.042,0.046,0.048,0.068,0.132,0.055,0.247,0.173,0.131,0.101,0.293,0.751388982,376,
W292,1230,1235,1.004065041,1437.226913,1.168477165,543205.167,0.36,1.848,1.617,15.52882015,0.214,0.133,0.1,0.076,0.06,0.057,0.055,0.053,0.054,0.057,0.063,0.078,0.054,0.257,0.187,0.144,0.123,0.234,0.837102072,377,
W293,902,983,1.089800443,1074.430079,1.191164168,320070.083,0.36,1.87,1.553,14.88040458,0.23,0.121,0.076,0.062,0.049,0.045,0.04,0.039,0.04,0.045,0.082,0.169,0.056,0.231,0.148,0.119,0.1,0.347,0.793373061,378,
W294,1227,1419,1.156479218,1538.810026,1.254123901,490734,0.28,1.817,1.589,15.54297608,0.265,0.15,0.103,0.082,0.064,0.053,0.046,0.042,0.044,0.048,0.052,0.05,0.052,0.31,0.191,0.136,0.117,0.193,0.761397059,379,
W295,739,904,1.223274696,938.5461741,1.270021887,147096.167,0.22,1.796,1.448,14.44324501,0.311,0.145,0.103,0.076,0.056,0.047,0.045,0.042,0.041,0.043,0.041,0.048,0.078,0.308,0.199,0.135,0.109,0.171,0.782998858,380,
W301,1021,987,0.966699314,1116.646438,1.093679175,336913.333,0.33,1.85,1.558,14.98692252,0.253,0.143,0.095,0.074,0.058,0.048,0.045,0.041,0.041,0.044,0.064,0.095,0.046,0.274,0.188,0.137,0.11,0.245,0.783722192,381,
W302,1229,1407,1.144833198,1471.527704,1.197337432,405308.417,0.23,1.804,1.563,15.37141416,0.289,0.15,0.106,0.075,0.061,0.054,0.045,0.04,0.039,0.042,0.05,0.048,0.057,0.318,0.203,0.145,0.111,0.166,0.810489751,382,
W303,1129,1402,1.241806909,1540.129288,1.364153488,318185.583,0.2,1.811,1.535,15.3293518,0.258,0.143,0.103,0.076,0.059,0.051,0.049,0.051,0.056,0.052,0.052,0.048,0.051,0.296,0.192,0.141,0.128,0.192,0.779934245,383,
W304,940,995,1.058510638,1264.403694,1.345110313,194559.75,0.21,1.795,1.487,14.62731732,0.302,0.174,0.109,0.067,0.048,0.04,0.036,0.035,0.035,0.042,0.055,0.058,0.078,0.332,0.188,0.126,0.088,0.189,0.727586748,384,
W306,1189,1348,1.13372582,1438.546174,1.209879036,330595.667,0.21,1.814,1.542,15.1583922,0.263,0.156,0.11,0.084,0.065,0.052,0.042,0.037,0.034,0.033,0.048,0.077,0.065,0.302,0.215,0.132,0.088,0.197,0.849267188,385,
W308,1175,1105,0.940425532,1187.886544,1.010967271,263942.167,0.2,1.809,1.525,14.90299278,0.314,0.16,0.106,0.08,0.058,0.043,0.037,0.035,0.034,0.032,0.041,0.06,0.067,0.322,0.204,0.135,0.091,0.182,0.836662417,386,
W310,946,1003,1.0602537,1054.641161,1.114842665,320686,0.34,1.84,1.553,14.96547847,0.219,0.15,0.102,0.08,0.061,0.054,0.047,0.046,0.042,0.048,0.065,0.085,0.045,0.268,0.205,0.137,0.115,0.23,0.808689599,387,
W311,705,933,1.323404255,1015.063325,1.439806134,179708,0.27,1.848,1.474,14.64356695,0.203,0.113,0.084,0.067,0.064,0.056,0.049,0.047,0.047,0.055,0.079,0.137,0.051,0.215,0.164,0.143,0.121,0.306,0.792748516,388,
W314,836,958,1.145933014,1087.622691,1.30098408,173959.75,0.22,1.838,1.468,14.82937596,0.251,0.128,0.079,0.058,0.05,0.046,0.044,0.041,0.045,0.061,0.082,0.114,0.065,0.251,0.163,0.12,0.114,0.286,0.780006829,389,
W315,768,1025,1.334635417,1055.960422,1.374948466,196071.917,0.25,1.836,1.488,14.84472978,0.22,0.133,0.098,0.079,0.065,0.054,0.046,0.044,0.048,0.05,0.063,0.1,0.051,0.239,0.202,0.157,0.11,0.241,0.773100616,390,
W316,855,1114,1.302923977,1131.158311,1.322992177,181299.333,0.19,1.819,1.476,14.6951158,0.269,0.125,0.097,0.079,0.067,0.054,0.049,0.045,0.039,0.039,0.052,0.086,0.074,0.256,0.195,0.138,0.101,0.237,0.787850024,391,
W317,841,992,1.179548157,1045.406332,1.243051525,215913.5,0.26,1.839,1.5,14.78688762,0.239,0.127,0.081,0.067,0.058,0.047,0.045,0.05,0.051,0.057,0.075,0.103,0.058,0.259,0.169,0.12,0.123,0.271,0.768914863,392,
W318,1228,1427,1.162052117,1499.23219,1.220873119,485274.75,0.28,1.78,1.592,15.65923631,0.256,0.172,0.116,0.082,0.064,0.057,0.054,0.053,0.048,0.038,0.032,0.028,0.057,0.316,0.232,0.161,0.121,0.114,0.801733563,393,
W320,1097,1061,0.967183227,1590.261214,1.449645591,306709.5,0.26,1.82,1.548,14.98440948,0.26,0.153,0.111,0.099,0.082,0.062,0.05,0.044,0.04,0.039,0.035,0.025,0.053,0.315,0.237,0.159,0.11,0.126,0.843954076,394,
W321,1219,1051,0.862182116,1474.166227,1.209324222,491275.333,0.38,1.847,1.61,15.27438512,0.208,0.138,0.104,0.08,0.07,0.06,0.053,0.053,0.053,0.055,0.058,0.069,0.036,0.257,0.204,0.163,0.124,0.216,0.814707542,395,
W323,1227,1417,1.154849226,1505.828496,1.227244088,352671.5,0.2,1.786,1.546,15.273933,0.309,0.168,0.108,0.076,0.061,0.053,0.044,0.037,0.032,0.031,0.037,0.044,0.058,0.344,0.206,0.141,0.099,0.152,0.816625122,396,
W325,1101,1123,1.019981835,1194.48285,1.08490722,282400.167,0.23,1.811,1.536,14.98702171,0.261,0.148,0.099,0.081,0.07,0.06,0.055,0.049,0.043,0.04,0.045,0.048,0.048,0.306,0.221,0.148,0.109,0.168,0.829963176,397,
W327,863,969,1.122827346,1065.195251,1.234293454,194625,0.23,1.809,1.488,14.52474481,0.265,0.157,0.101,0.069,0.054,0.047,0.045,0.044,0.048,0.062,0.063,0.047,0.068,0.267,0.208,0.143,0.117,0.196,0.799574694,398,
W328,780,1233,1.580769231,1284.192612,1.646400785,239394.833,0.25,1.834,1.496,15.24706246,0.293,0.138,0.089,0.066,0.056,0.053,0.047,0.039,0.038,0.048,0.053,0.081,0.066,0.273,0.174,0.141,0.106,0.24,0.742725509,399,
W329,1216,1219,1.002467105,1348.836412,1.10924047,253602.333,0.17,1.753,1.514,14.96490101,0.34,0.182,0.101,0.071,0.059,0.053,0.046,0.042,0.038,0.03,0.02,0.018,0.072,0.353,0.228,0.157,0.097,0.093,0.826066541,400,
W330,984,1279,1.299796748,1395.010554,1.417693653,220758.917,0.18,1.795,1.486,15.34093563,0.327,0.149,0.088,0.067,0.049,0.041,0.035,0.037,0.045,0.056,0.055,0.049,0.076,0.322,0.185,0.115,0.093,0.209,0.786923986,401,
